,EEG Fp1_Delta,EEG Fp1_Theta,EEG Fp1_Alpha,EEG Fp1_Beta,EEG Fp1_Gamma,EEG Fp2_Delta,EEG Fp2_Theta,EEG Fp2_Alpha,EEG Fp2_Beta,EEG Fp2_Gamma,EEG F3_Delta,EEG F3_Theta,EEG F3_Alpha,EEG F3_Beta,EEG F3_Gamma,EEG F4_Delta,EEG F4_Theta,EEG F4_Alpha,EEG F4_Beta,EEG F4_Gamma,EEG F7_Delta,EEG F7_Theta,EEG F7_Alpha,EEG F7_Beta,EEG F7_Gamma,EEG F8_Delta,EEG F8_Theta,EEG F8_Alpha,EEG F8_Beta,EEG F8_Gamma,EEG T3_Delta,EEG T3_Theta,EEG T3_Alpha,EEG T3_Beta,EEG T3_Gamma,EEG T4_Delta,EEG T4_Theta,EEG T4_Alpha,EEG T4_Beta,EEG T4_Gamma,EEG C3_Delta,EEG C3_Theta,EEG C3_Alpha,EEG C3_Beta,EEG C3_Gamma,EEG C4_Delta,EEG C4_Theta,EEG C4_Alpha,EEG C4_Beta,EEG C4_Gamma,EEG T5_Delta,EEG T5_Theta,EEG T5_Alpha,EEG T5_Beta,EEG T5_Gamma,EEG T6_Delta,EEG T6_Theta,EEG T6_Alpha,EEG T6_Beta,EEG T6_Gamma,EEG P3_Delta,EEG P3_Theta,EEG P3_Alpha,EEG P3_Beta,EEG P3_Gamma,EEG P4_Delta,EEG P4_Theta,EEG P4_Alpha,EEG P4_Beta,EEG P4_Gamma,EEG O1_Delta,EEG O1_Theta,EEG O1_Alpha,EEG O1_Beta,EEG O1_Gamma,EEG O2_Delta,EEG O2_Theta,EEG O2_Alpha,EEG O2_Beta,EEG O2_Gamma,EEG Fz_Delta,EEG Fz_Theta,EEG Fz_Alpha,EEG Fz_Beta,EEG Fz_Gamma,EEG Cz_Delta,EEG Cz_Theta,EEG Cz_Alpha,EEG Cz_Beta,EEG Cz_Gamma,EEG Pz_Delta,EEG Pz_Theta,EEG Pz_Alpha,EEG Pz_Beta,EEG Pz_Gamma,EEG A2-A1_Delta,EEG A2-A1_Theta,EEG A2-A1_Alpha,EEG A2-A1_Beta,EEG A2-A1_Gamma,ECG ECG_Delta,ECG ECG_Theta,ECG ECG_Alpha,ECG ECG_Beta,ECG ECG_Gamma
Subject12_1,0.449408809,0.18227239,0.087303146,0.188727283,0.033152141,0.458036649,0.176146721,0.083131118,0.189335006,0.033222123,0.43897056,0.243520618,0.105375226,0.143581974,0.017915359,0.328635806,0.256456864,0.238993713,0.127883755,0.016639503,0.43615762,0.167554042,0.08485557,0.210067646,0.039407088,0.428362874,0.163483036,0.082160612,0.222490226,0.043162939,0.418372454,0.238811634,0.136614043,0.140658667,0.016545961,0.234300052,0.145322506,0.110248531,0.450830939,0.027636405,0.414331494,0.266321171,0.146707397,0.123374936,0.009804681,0.398749713,0.253517596,0.159029808,0.141234668,0.009224068,0.358204646,0.246417407,0.177778159,0.149702442,0.020474032,0.352934215,0.264317788,0.229684806,0.108872227,0.008219113,0.244543527,0.238968466,0.328483048,0.14809022,0.013514738,0.349290948,0.252386219,0.259255724,0.095562123,0.007847419,0.205358037,0.195359706,0.491274451,0.077716123,0.006097933,0.271256463,0.208503686,0.396855409,0.081801798,0.006581287,0.368682198,0.265479283,0.157794766,0.153645194,0.016748505,0.442184941,0.260859231,0.12391387,0.122937133,0.008871103,0.326284652,0.256899755,0.288924731,0.088247528,0.00642352,0.321192502,0.165404745,0.107189626,0.269289617,0.065177854,0.463942831,0.193476833,0.097228088,0.192545965,0.008439593
Subject11_1,0.627961455,0.121088249,0.055688342,0.082142729,0.023293514,0.552330028,0.119104975,0.068183941,0.13016647,0.052844224,0.506504549,0.179637969,0.102043996,0.130723342,0.02123521,0.511729021,0.18517283,0.098570215,0.120195657,0.019823427,0.503297325,0.216920922,0.090828937,0.105948366,0.022005108,0.514029289,0.170444856,0.094960045,0.128131263,0.025287284,0.483525996,0.175655399,0.099537648,0.140669835,0.032382956,0.511739169,0.138520735,0.095475828,0.148845573,0.035747826,0.552498203,0.157989457,0.090517246,0.105184699,0.018477325,0.528543001,0.163299209,0.088548364,0.129901571,0.019677612,0.538669023,0.158034392,0.080420653,0.130176767,0.026060557,0.475112912,0.177541578,0.109429251,0.144188015,0.02961532,0.533460718,0.1721674,0.093241395,0.117555173,0.018705184,0.567780309,0.151529835,0.09240277,0.110087148,0.015641652,0.471200338,0.188709077,0.126880955,0.137640381,0.01616808,0.482541141,0.1797053,0.124930405,0.136032833,0.016259564,0.523975422,0.189803302,0.08999341,0.117187544,0.019378982,0.537886989,0.174493428,0.087050346,0.115380144,0.020429917,0.52916711,0.169692803,0.100944296,0.120391548,0.016920066,0.441225404,0.186229478,0.101154425,0.186213084,0.030482602,0.527170658,0.112570786,0.068406283,0.162387479,0.011380761
Subject01_1,0.260226714,0.224046421,0.209690848,0.240567058,0.024678233,0.256927756,0.238660332,0.20593421,0.234807115,0.025541787,0.30385788,0.198003358,0.184728108,0.241587793,0.024577264,0.346773069,0.199252778,0.165400957,0.226631852,0.016479048,0.280032238,0.215203607,0.197107292,0.234400312,0.027009374,0.401447405,0.174090432,0.157888591,0.195171495,0.019170922,0.228035832,0.100846077,0.102314915,0.323988557,0.129274803,0.385926067,0.154070066,0.159608133,0.229935284,0.018102056,0.326855095,0.172744987,0.161697527,0.261470211,0.026580727,0.337372102,0.177192816,0.179377297,0.248936974,0.014489819,0.359274296,0.135465484,0.13757814,0.244158759,0.049052858,0.395744416,0.125133209,0.222180618,0.179730799,0.020517629,0.342463036,0.1557162,0.19491752,0.239044945,0.019099018,0.274819308,0.137302627,0.301962159,0.235395844,0.012938708,0.336482134,0.100194342,0.285620155,0.22159233,0.011833022,0.231403275,0.108438908,0.365782073,0.248925509,0.012209101,0.301340531,0.207702983,0.192101336,0.241659998,0.016241785,0.354789601,0.19057289,0.171273635,0.220804391,0.01507563,0.447976283,0.13964072,0.184252201,0.1607699,0.010060351,0.352634062,0.108503989,0.140437934,0.245300232,0.071844584,0.467295219,0.204685579,0.1156766,0.14498004,0.019538804
Subject13_1,0.389868637,0.223181545,0.11920458,0.184305037,0.027037767,0.38428921,0.249837783,0.11247763,0.165056254,0.026910553,0.326829338,0.262120099,0.136932115,0.199943046,0.027930435,0.400282972,0.242350811,0.108855406,0.164637835,0.02582286,0.560022466,0.167258925,0.078531822,0.104932953,0.015043884,0.520676295,0.15047277,0.080763851,0.137407815,0.029807628,0.525625391,0.172280222,0.092582226,0.124082038,0.019244797,0.528394612,0.155743485,0.092752123,0.124587609,0.023118946,0.455642073,0.237998846,0.108423955,0.120919924,0.017496096,0.461370097,0.201224518,0.103715615,0.131289531,0.030758038,0.42348032,0.189903379,0.104571272,0.178133735,0.034794572,0.387178582,0.182186214,0.130867993,0.171227535,0.051063501,0.449015316,0.223165586,0.114515299,0.12452981,0.02242489,0.441109449,0.219619321,0.130996479,0.13294283,0.017680527,0.430962489,0.226394847,0.127818586,0.128813037,0.02179793,0.475840499,0.188507815,0.110127645,0.112956522,0.026220722,0.407598274,0.266675804,0.110285759,0.141428957,0.021138654,0.458638574,0.239939176,0.108248455,0.118903995,0.018061586,0.44684225,0.232760917,0.120461199,0.124541935,0.016661225,0.456889032,0.177461983,0.103015443,0.142043748,0.036266326,0.437826084,0.22014196,0.092686584,0.125515163,0.031921931
Subject10_1,0.577230894,0.171091558,0.073326051,0.096894834,0.010870941,0.683659028,0.111915543,0.041745987,0.060207976,0.008387263,0.542825917,0.205734526,0.068894685,0.106432713,0.010329055,0.534696332,0.217521916,0.063962479,0.108264548,0.01235351,0.611260376,0.149744283,0.066324101,0.086005393,0.010610611,0.485212141,0.204570537,0.089925996,0.144033103,0.018236806,0.499890026,0.185596043,0.142593394,0.102232226,0.01067937,0.50483018,0.191605307,0.1222952,0.111576812,0.01199368,0.507848757,0.198822662,0.1243459,0.098304766,0.010101962,0.522579699,0.208010214,0.11168194,0.088882848,0.008830919,0.491073783,0.197745425,0.132520748,0.108292274,0.013963765,0.380019632,0.200682581,0.207444829,0.147423206,0.018654808,0.447722137,0.179908254,0.205263436,0.105891236,0.009500107,0.463155486,0.188786701,0.201563914,0.086380451,0.007742718,0.494864205,0.188297103,0.169643363,0.078588831,0.007706163,0.470967865,0.216123824,0.176452663,0.074524136,0.006596131,0.538289093,0.22415645,0.064084244,0.100587027,0.009470804,0.539374016,0.217755252,0.086240777,0.086063373,0.009109073,0.466355365,0.191474055,0.19542665,0.086294609,0.008107847,0.569692863,0.171566182,0.076695775,0.096993093,0.01689916,0.329630988,0.207816629,0.129504524,0.300525816,0.004619581
Subject14_1,0.546682879,0.086306005,0.081129284,0.159162577,0.036294539,0.600930195,0.102533669,0.096292451,0.101173561,0.013713369,0.448897795,0.16903101,0.196481803,0.119881454,0.010797348,0.442685017,0.159604153,0.189588844,0.140726413,0.011949505,0.55123049,0.142994647,0.097156935,0.126054819,0.020209563,0.569572995,0.121704125,0.100833256,0.110182743,0.014242455,0.537537371,0.121479047,0.122673303,0.130490925,0.012278906,0.472628335,0.138936386,0.171700752,0.150596658,0.013171734,0.476252324,0.155505684,0.140041291,0.16023428,0.011753911,0.472264266,0.164559382,0.139444133,0.150155925,0.013836132,0.616245758,0.093364541,0.089539639,0.073432768,0.008821445,0.305823559,0.136288174,0.336261461,0.167442368,0.013464498,0.306243544,0.14924334,0.279147978,0.214030347,0.010822423,0.332070359,0.124206405,0.292982401,0.192247267,0.013007969,0.234213302,0.095344029,0.427102897,0.19511613,0.012261749,0.261274639,0.104661197,0.380660772,0.201278079,0.013246807,0.512296687,0.173757062,0.134890232,0.10905613,0.009417295,0.505026321,0.167504623,0.109256055,0.142602449,0.013475403,0.276072462,0.122820263,0.286289375,0.258100593,0.016906707,0.311242225,0.133277666,0.297871042,0.200075248,0.013689921,0.46443856,0.147923366,0.078618289,0.241010193,0.011258455
Subject18_1,0.244137017,0.268342879,0.265116157,0.163890384,0.021488655,0.298636017,0.228283765,0.257690476,0.163512587,0.015410184,0.321537093,0.270134098,0.211767984,0.146250373,0.012279106,0.280375451,0.235461169,0.226481417,0.206586798,0.017051822,0.390925662,0.206805545,0.190932228,0.130757885,0.016834898,0.360003753,0.219355181,0.197294346,0.164898724,0.015304756,0.359309963,0.23699442,0.199251113,0.138075111,0.015324203,0.297673094,0.251983335,0.26242405,0.138398579,0.011736114,0.330659448,0.260959808,0.217559938,0.145857282,0.010077392,0.3194295,0.271538445,0.235690369,0.12686473,0.010083358,0.339561485,0.230333358,0.231368718,0.134069992,0.017228522,0.275889041,0.208607492,0.339470956,0.115435905,0.015343864,0.252460921,0.290583394,0.276111682,0.13641237,0.011547915,0.281321225,0.247118398,0.309427917,0.115145228,0.009411968,0.26365682,0.210620303,0.372864157,0.108528588,0.010537341,0.254103727,0.200108786,0.386556152,0.1124016,0.009712443,0.307809613,0.242590792,0.200009336,0.194101986,0.017916817,0.326355646,0.28135591,0.217548476,0.126349833,0.011525249,0.296318261,0.276884892,0.262833056,0.118447779,0.009626578,0.360266775,0.205156405,0.215597108,0.153665483,0.014929004,0.309782918,0.294309038,0.169444481,0.194881293,0.003865374
Subject02_1,0.139674799,0.080491623,0.143813914,0.439327696,0.118847768,0.409577378,0.134981109,0.211377253,0.165870525,0.023922037,0.356248529,0.138297652,0.215040773,0.217745832,0.025182106,0.371786047,0.115994684,0.19268176,0.216368754,0.040455578,0.202912013,0.070428789,0.139566065,0.406821604,0.103406748,0.349313445,0.092002365,0.13706713,0.275757442,0.065951606,0.314967133,0.152319184,0.248525985,0.195336476,0.033518127,0.386601117,0.129938202,0.224613514,0.16446701,0.030877129,0.411487122,0.13506478,0.219650239,0.164617945,0.017532465,0.425685199,0.139951872,0.204581822,0.160933079,0.01684089,0.301367624,0.129790674,0.291428181,0.196988502,0.028090347,0.407320961,0.127445889,0.229123142,0.147977384,0.022529971,0.347620973,0.126352204,0.28909275,0.173473441,0.016698081,0.366460073,0.132002163,0.280549334,0.159845525,0.013509116,0.225669933,0.116485291,0.377803444,0.216976014,0.026628475,0.315652837,0.118304762,0.327554293,0.163179266,0.011040055,0.400824054,0.138002283,0.218469811,0.180133014,0.016850153,0.439834015,0.140620673,0.205893211,0.148335865,0.014046849,0.362095991,0.137036112,0.274703491,0.166531384,0.014267524,0.241249497,0.11127226,0.242842468,0.280856752,0.057793045,0.399485214,0.10033711,0.091919244,0.260570737,0.057531169
Subject15_1,0.237893023,0.238803761,0.29859867,0.186769039,0.01048927,0.506473602,0.140582683,0.175961007,0.104444181,0.006493147,0.255405441,0.252411589,0.262654304,0.193605314,0.007661833,0.282889018,0.243452588,0.272961497,0.164475752,0.006637964,0.447145276,0.1889967,0.160456976,0.133998624,0.011499085,0.410946093,0.180008332,0.199821539,0.148266432,0.009693561,0.232105661,0.261925435,0.324460146,0.148907898,0.005783988,0.380208948,0.222017194,0.221381592,0.125021765,0.007604024,0.232172351,0.231019511,0.363666551,0.141707306,0.005712818,0.301128822,0.223694316,0.308389627,0.128242864,0.005815037,0.263279612,0.235463386,0.322314898,0.142268812,0.005873526,0.152690391,0.187730385,0.470002922,0.163133318,0.006905002,0.118725594,0.183797642,0.561513861,0.11770801,0.003570857,0.127296968,0.157167825,0.602678718,0.094286833,0.003860817,0.121337654,0.107295795,0.668479281,0.082966943,0.003781276,0.115035977,0.106060188,0.663041107,0.097827417,0.004238945,0.271220299,0.240270923,0.286380943,0.165403181,0.006544387,0.202178869,0.21914188,0.388401672,0.159658728,0.008251343,0.133891048,0.14486111,0.607529473,0.094873986,0.003314948,0.475491134,0.175413765,0.138848517,0.129612491,0.016248268,0.436176124,0.139106231,0.1067056,0.258980193,0.006578227
Subject16_1,0.583127436,0.144283796,0.094054687,0.09231968,0.009562864,0.5971639,0.142059522,0.083744407,0.08873533,0.008728748,0.444796566,0.202941758,0.14596219,0.140521586,0.011576426,0.434154457,0.213546187,0.130614648,0.156280578,0.013368315,0.576298397,0.142752779,0.102235295,0.09825787,0.012091949,0.502602185,0.168200016,0.109014091,0.136040824,0.014965873,0.39095848,0.183379396,0.224930636,0.134764932,0.01577942,0.399206266,0.215987009,0.15270286,0.148230764,0.02660069,0.385772923,0.204385757,0.199707053,0.152327428,0.01243474,0.402499628,0.208591003,0.187676709,0.144925163,0.011841818,0.416405293,0.160455212,0.209535918,0.146293549,0.014349414,0.31761822,0.208342593,0.215299069,0.168756756,0.033630963,0.352067853,0.19006182,0.265867568,0.136749047,0.010051163,0.413008991,0.182646074,0.235579408,0.114184687,0.007866139,0.30019463,0.166661291,0.361941745,0.123995369,0.006668125,0.398941747,0.161223703,0.285057858,0.10142206,0.005880695,0.430596805,0.216882158,0.14387699,0.145681733,0.011634969,0.391516217,0.222672846,0.174446079,0.155076601,0.012229435,0.349159787,0.211669801,0.258325981,0.127463242,0.008976585,0.640386372,0.109042667,0.070478182,0.090371063,0.016310589,0.301036596,0.326627963,0.181149178,0.170045691,0.000959436
Subject19_1,0.122279156,0.187033453,0.45049685,0.19833415,0.021158881,0.154414436,0.160876482,0.453487956,0.182365587,0.02305273,0.160483728,0.172006095,0.423124011,0.206945212,0.014900517,0.186542665,0.175863498,0.395686497,0.197014146,0.016608264,0.153833505,0.177772232,0.410114773,0.209871599,0.021981922,0.098358588,0.173532092,0.494077844,0.19363836,0.020917553,0.175770594,0.164691771,0.44969818,0.171789405,0.012779723,0.22356855,0.203813216,0.333709374,0.18701132,0.024034835,0.156296114,0.143309466,0.485235116,0.183189464,0.01015077,0.158562452,0.1446575,0.461405945,0.199620444,0.012545951,0.200565461,0.165797258,0.440352725,0.152181492,0.011948846,0.152264711,0.134444356,0.575823204,0.10541121,0.008707258,0.086899442,0.121184105,0.659285955,0.113818279,0.005716985,0.124316136,0.114132017,0.627304824,0.112125314,0.005752432,0.070583928,0.097734441,0.715429497,0.096785379,0.00723486,0.10197244,0.107448011,0.663160614,0.101022138,0.008181234,0.195650113,0.185492245,0.38803472,0.190913056,0.014351885,0.177384766,0.153659046,0.390127729,0.238949756,0.014505019,0.111815756,0.106684317,0.644423438,0.116214803,0.005251484,0.131554468,0.167395263,0.357071843,0.25730235,0.048095123,0.423423726,0.156674204,0.086619918,0.271938373,0.017130019
Subject25_1,0.697510398,0.094604455,0.066880853,0.029126753,0.004326859,0.696339077,0.09927502,0.065065198,0.027381527,0.003212252,0.309761791,0.29902192,0.264057455,0.077694647,0.007876581,0.307905692,0.302951995,0.259027155,0.079547805,0.006783531,0.458022607,0.201733042,0.157560766,0.089846771,0.020136335,0.493087063,0.19140081,0.151334366,0.075689289,0.011283266,0.193309114,0.242755392,0.430164324,0.098752636,0.008817039,0.388235755,0.213832116,0.245002908,0.086753341,0.011108279,0.151882404,0.289063936,0.452888158,0.082968095,0.004905645,0.276788034,0.294016825,0.328709518,0.064223889,0.00408403,0.195303844,0.22354831,0.456494047,0.093303791,0.007790758,0.205928308,0.263543843,0.395606682,0.098837464,0.00767676,0.126285674,0.198208035,0.588222807,0.06952356,0.002745631,0.12589096,0.222013456,0.555302429,0.079510645,0.002728669,0.170289294,0.208543109,0.488495203,0.108517975,0.004670883,0.157358833,0.213211035,0.507195929,0.100476198,0.003636969,0.305199009,0.30917225,0.26580817,0.072903283,0.006087491,0.156987382,0.357355026,0.397293839,0.06523585,0.004790755,0.128783961,0.223501558,0.558677686,0.071285021,0.002676753,0.224662068,0.317025251,0.170079971,0.215909111,0.033440899,0.246319902,0.146523483,0.140291836,0.407606146,0.034734204
Subject26_1,0.531846521,0.165034274,0.124935068,0.103099493,0.014732148,0.491475384,0.173192602,0.138873091,0.118453715,0.015767322,0.449040315,0.217509507,0.177329414,0.098865807,0.009321997,0.446361785,0.21828559,0.174827844,0.104952687,0.011054997,0.484282207,0.201274121,0.128336764,0.105294255,0.015064272,0.478957253,0.190617748,0.159400585,0.100484173,0.011842024,0.402561227,0.21094593,0.22851104,0.10360715,0.012426239,0.428818419,0.2168533,0.194966769,0.104440977,0.010143564,0.439011297,0.210733752,0.208435309,0.089030262,0.009034883,0.44023676,0.227414189,0.195674231,0.085530516,0.00878289,0.389166876,0.215514376,0.262472586,0.085471047,0.008786011,0.372452633,0.230203783,0.242171466,0.106070676,0.008570005,0.258978545,0.218669373,0.413421862,0.073552429,0.005814937,0.322189997,0.203754753,0.354206767,0.076216329,0.006138845,0.180010715,0.218949535,0.516389513,0.058315577,0.003861826,0.179227285,0.219549525,0.512210633,0.062651914,0.004035184,0.468711121,0.215230505,0.166013946,0.093303124,0.009093927,0.427116961,0.218286211,0.213547441,0.091062491,0.008644321,0.300307028,0.210233747,0.376572381,0.076265958,0.006958659,0.479137443,0.190509531,0.100565713,0.15524562,0.017260768,0.444345841,0.1547892,0.073487497,0.256912496,0.017176005
Subject24_1,0.404488116,0.160053507,0.185614428,0.163116331,0.020785013,0.363269254,0.18612256,0.199150494,0.178250988,0.021991614,0.212785346,0.21136823,0.28396464,0.239181888,0.02040653,0.323625224,0.215031764,0.221423401,0.187499605,0.016031028,0.45735837,0.139664454,0.155811496,0.154218797,0.018416522,0.460937528,0.16496087,0.147574864,0.149715142,0.017075125,0.388493425,0.175689573,0.185485913,0.185226228,0.017020528,0.444121041,0.167021493,0.166941397,0.149808146,0.015327804,0.326488124,0.194094007,0.244546067,0.182391207,0.013292934,0.34780723,0.189900403,0.238416408,0.174154852,0.012715984,0.358981123,0.164559642,0.207642359,0.203300152,0.017479786,0.248470574,0.137513876,0.346078902,0.216481395,0.018371944,0.243875932,0.137027099,0.399019208,0.179741497,0.008992223,0.200846292,0.095024418,0.484185217,0.187505363,0.00809329,0.193607876,0.096691593,0.501992296,0.173396274,0.008268521,0.160432683,0.070764229,0.567504798,0.171494533,0.006840724,0.229708051,0.235478738,0.269079031,0.216151828,0.020042932,0.337847595,0.199850798,0.239955575,0.172265754,0.012880399,0.213104967,0.106292027,0.467752933,0.178097788,0.007526793,0.41624571,0.173088252,0.129438557,0.166601976,0.03904403,0.515317269,0.180879768,0.108792253,0.124766494,0.001270766
Subject20_1,0.259894277,0.188397103,0.214040635,0.274132403,0.027070106,0.30425351,0.164203012,0.187721761,0.254018598,0.043920754,0.189913035,0.164349022,0.268700705,0.324520119,0.025488534,0.179951732,0.138818287,0.266025465,0.355161338,0.034064354,0.094927385,0.193369786,0.285636945,0.35030192,0.052533312,0.185308241,0.169416516,0.224756168,0.328047275,0.060038844,0.439684387,0.283954428,0.151289854,0.095798337,0.005875465,0.296269789,0.159124896,0.248688755,0.243269224,0.015362612,0.218088398,0.151785978,0.286276285,0.294869915,0.018832709,0.355094801,0.169867633,0.212810695,0.210371005,0.010093008,0.151111514,0.222561665,0.339216252,0.250923122,0.012917054,0.286018341,0.129377567,0.290444631,0.246925222,0.00974485,0.207787963,0.155323699,0.327088669,0.270502109,0.010710957,0.258155847,0.115524825,0.353481358,0.231533778,0.007427934,0.214326108,0.102695059,0.383582085,0.261715966,0.007322831,0.268153733,0.089033904,0.377528274,0.220147237,0.006549504,0.354888079,0.158188141,0.203511275,0.22393209,0.017111072,0.325948467,0.168234017,0.241561724,0.216637506,0.00951666,0.24954865,0.118129601,0.344731544,0.241381982,0.012366795,0.281927087,0.186282977,0.208092927,0.227329327,0.04508706,0.341689692,0.131642562,0.144001222,0.321464341,0.025765598
Subject21_1,0.374388694,0.274597799,0.164178814,0.128254984,0.011176022,0.586832211,0.120833586,0.103479129,0.125073036,0.013024057,0.353691001,0.201358536,0.220734272,0.173524018,0.010350495,0.325336854,0.257930902,0.20442772,0.170437014,0.010057319,0.395371097,0.18344253,0.178725414,0.178151004,0.016188506,0.402963784,0.184783281,0.178581109,0.165186195,0.016578277,0.34844656,0.19790258,0.225676037,0.175331963,0.012106399,0.370382293,0.243706373,0.171167066,0.165783673,0.009313135,0.358956047,0.207367636,0.223740766,0.162864555,0.010334757,0.34821584,0.240228554,0.206987018,0.15927383,0.010091838,0.317570267,0.198738781,0.240853598,0.189422753,0.015559905,0.316550962,0.167829026,0.253910764,0.208230961,0.013434201,0.310247558,0.18973973,0.276465513,0.177910533,0.009928772,0.344826917,0.174692422,0.257118895,0.176945988,0.010683388,0.245250691,0.144316736,0.37084522,0.201179348,0.007842962,0.272304163,0.137912557,0.356286977,0.192937399,0.007997104,0.357334719,0.211690498,0.218331373,0.162034361,0.011845683,0.346399172,0.218901362,0.223150217,0.167416035,0.010518089,0.297744343,0.187091656,0.28320658,0.187847309,0.011025881,0.436470586,0.1454458,0.185332207,0.177334451,0.010142767,0.388003484,0.215252982,0.131268908,0.222790728,0.01047784
Subject29_1,0.399045406,0.112574105,0.298461038,0.121726535,0.013687841,0.320074255,0.131574957,0.339873776,0.151404061,0.015070998,0.250276504,0.142294194,0.394766278,0.170625683,0.009779493,0.220370259,0.156579532,0.394875265,0.190722771,0.010472249,0.319865582,0.131395949,0.331287623,0.158768733,0.015203031,0.31985073,0.138961939,0.300911067,0.176463617,0.01636028,0.180266574,0.40003978,0.242004183,0.148266462,0.008734815,0.182415926,0.178799243,0.418275092,0.189366652,0.008391997,0.201009754,0.165383923,0.40130675,0.195409586,0.009037529,0.176994047,0.18197381,0.416988372,0.195306367,0.007748326,0.230280329,0.171195124,0.362820028,0.195813487,0.008370229,0.117875102,0.139083573,0.553058201,0.166735501,0.00488549,0.132108962,0.159171329,0.51895919,0.166112098,0.004695738,0.246125154,0.133889763,0.448804235,0.131048006,0.003603952,0.092079879,0.115010846,0.641749254,0.133366633,0.003380243,0.082435297,0.110044917,0.674468686,0.115776768,0.003199947,0.218883,0.155316238,0.406296054,0.184397243,0.009111048,0.181666782,0.177924887,0.42713953,0.182577573,0.008407482,0.115213851,0.152846675,0.56603064,0.144923941,0.004151939,0.314110506,0.164669501,0.249062871,0.216155857,0.017569898,0.436610118,0.156330258,0.088969707,0.239519593,0.031252114
Subject32_1,0.285662023,0.249618317,0.297935341,0.119732814,0.012677078,0.401448504,0.268432366,0.173578083,0.102703385,0.009333873,0.301478627,0.30728233,0.239800137,0.106290423,0.008403285,0.301432975,0.307776725,0.236352668,0.109111353,0.008305982,0.438994981,0.226520169,0.166009891,0.102195053,0.011247976,0.480419477,0.218681601,0.13703409,0.09695544,0.011484752,0.248710102,0.31349994,0.293056631,0.103573508,0.009571762,0.21822716,0.324665568,0.325770138,0.09662812,0.006920716,0.241211357,0.329146104,0.292527624,0.096492351,0.008781745,0.230701197,0.339439008,0.291944707,0.100344403,0.008283231,0.215209831,0.287035094,0.319057397,0.133279502,0.014570468,0.128415504,0.3243922,0.436945788,0.08691657,0.006488187,0.185871245,0.323269129,0.334748864,0.116287012,0.012447981,0.181194196,0.324521732,0.348785666,0.112253312,0.008294296,0.153174824,0.255852157,0.324289312,0.188399885,0.045951591,0.169119428,0.285652534,0.330591747,0.155150711,0.029618683,0.296136205,0.310535037,0.24281876,0.107113176,0.007978234,0.251411001,0.334043553,0.27387237,0.099824879,0.00992803,0.203413594,0.331961155,0.308341315,0.117578835,0.01045982,0.356922605,0.215990121,0.194914377,0.162212217,0.021525284,0.286161766,0.160738285,0.146885071,0.35912156,0.018446794
Subject28_1,0.321773083,0.226685698,0.224716641,0.177934185,0.009923952,0.272303461,0.22151017,0.265024611,0.198002917,0.00986776,0.319789483,0.224018904,0.219384306,0.191386754,0.009077988,0.268771471,0.227555498,0.24781281,0.213352335,0.010334176,0.306691135,0.227585801,0.246426236,0.176184498,0.007723059,0.283009334,0.310691907,0.190924863,0.165626674,0.012813234,0.245786681,0.191139918,0.299818635,0.227342281,0.008230976,0.292178948,0.196551594,0.240004349,0.224889893,0.010262613,0.280365491,0.210225486,0.259772701,0.210944288,0.008399133,0.262381971,0.215128772,0.264902684,0.218248757,0.008639548,0.150320222,0.166228755,0.365420872,0.288950716,0.009712168,0.383528332,0.162129326,0.219185215,0.175889923,0.00802981,0.208194567,0.179336189,0.333763598,0.246749912,0.006818269,0.219338022,0.186627131,0.337581076,0.224147325,0.00627744,0.173496916,0.147371991,0.407795092,0.243677744,0.005988466,0.140362413,0.181827283,0.473391646,0.182994192,0.004436545,0.3191657,0.235837226,0.218651601,0.180618023,0.009223507,0.262763396,0.211136737,0.260977971,0.222339626,0.011054343,0.225773593,0.177835576,0.350586524,0.212625995,0.006581215,0.246205392,0.245554121,0.212973283,0.24880113,0.015007642,0.554807926,0.134444498,0.088912638,0.152764801,0.006169886
Subject03_1,0.408447231,0.169546953,0.227061029,0.118957317,0.017771835,0.285882144,0.204267701,0.323796891,0.133475097,0.017734138,0.240651923,0.242556457,0.346926832,0.12989031,0.009357371,0.266919773,0.230624224,0.337216447,0.128498828,0.008774735,0.317338278,0.196713168,0.282739135,0.140028885,0.019820782,0.341295481,0.202994778,0.272520965,0.129748734,0.012279582,0.284113477,0.214913269,0.330922625,0.122785467,0.011477819,0.270045824,0.220236119,0.3263408,0.137341718,0.011500717,0.244323148,0.275217828,0.336949255,0.107084523,0.008320937,0.215658528,0.253158141,0.379729701,0.113660818,0.008156926,0.197812398,0.219461642,0.429496063,0.114332006,0.011946515,0.206442838,0.188204661,0.451532804,0.115707032,0.008768375,0.178407402,0.239160277,0.441769845,0.110717789,0.008505871,0.160602669,0.226495506,0.476317657,0.108563404,0.007213946,0.139955009,0.206676789,0.541426477,0.08809183,0.005043495,0.16732921,0.217628316,0.46655041,0.120048513,0.006898239,0.227148636,0.239464017,0.367940823,0.127604508,0.009122674,0.169721799,0.389603581,0.321104781,0.091476086,0.006376835,0.177881434,0.224937047,0.490145276,0.080723239,0.005188508,0.3046618,0.196172217,0.293299965,0.155251519,0.013813529,0.334386272,0.221978993,0.163058317,0.238310091,0.0182098
Subject30_1,0.167146311,0.217007611,0.389342961,0.183535623,0.018725788,0.144055275,0.225398016,0.373727289,0.20846262,0.023131727,0.200103725,0.226715015,0.335585981,0.191816689,0.015779158,0.168690901,0.221524911,0.366058691,0.2003625,0.016856975,0.238408891,0.195337046,0.345415356,0.165859059,0.017120194,0.314726148,0.191978298,0.255111,0.168499542,0.018982325,0.288253026,0.175081896,0.271729541,0.210972572,0.016188919,0.279218534,0.230035084,0.302285107,0.135389882,0.015886422,0.196420262,0.217427905,0.378229341,0.171651847,0.01038102,0.244951676,0.261728732,0.31883178,0.130873045,0.0113109,0.213262902,0.175643541,0.410848691,0.150761154,0.017027529,0.119177807,0.189629817,0.448805175,0.191196128,0.02639964,0.15480751,0.200195407,0.492418846,0.124363172,0.007249693,0.139282416,0.192926768,0.544014945,0.099758383,0.005587532,0.135663367,0.169807247,0.569605578,0.097872586,0.006976054,0.128484162,0.191864371,0.561032749,0.09599946,0.005765582,0.258341921,0.226933446,0.293596801,0.169964779,0.015019876,0.160796023,0.2435729,0.397392502,0.160496618,0.013752702,0.169155999,0.202064225,0.50855277,0.092694466,0.005932705,0.230082524,0.186874338,0.312519798,0.207827777,0.023158512,0.21252842,0.230450137,0.133407502,0.384401024,0.022956601
Subject27_1,0.373305996,0.251796592,0.200368847,0.112361019,0.018187599,0.190615768,0.277296608,0.277543174,0.175944799,0.043489557,0.266473978,0.303077052,0.260900828,0.129794819,0.010631237,0.227860197,0.286101531,0.289627415,0.152509366,0.015279457,0.340978187,0.241507032,0.221838793,0.130653259,0.017721907,0.129554917,0.230957526,0.345080067,0.217415804,0.044360416,0.309827553,0.227215597,0.259068638,0.151767124,0.013926775,0.225141633,0.192690445,0.287687272,0.236484213,0.023367747,0.315109383,0.224075548,0.269000796,0.143172853,0.012476896,0.256563798,0.225032631,0.295908622,0.177465856,0.014242225,0.324754748,0.19752737,0.237219703,0.179534717,0.016947232,0.249172284,0.153251942,0.3654467,0.176889016,0.015886093,0.306859362,0.205798718,0.279810112,0.159206688,0.01226311,0.240998502,0.183484952,0.366103485,0.16729857,0.011327193,0.216095944,0.181921244,0.442306483,0.123852037,0.007438658,0.216746528,0.159719342,0.471854173,0.109877727,0.006787034,0.270233176,0.303839317,0.26017348,0.126866284,0.010072154,0.265866092,0.232059718,0.299501403,0.158098401,0.013828424,0.280679213,0.197130458,0.328748161,0.148587026,0.011088088,0.278581167,0.24380297,0.188185563,0.233265866,0.022564332,0.314968488,0.264646094,0.16819267,0.222675741,0.009597539
Subject06_1,0.469254715,0.2012313,0.131216102,0.130844565,0.012600643,0.480880827,0.205705905,0.116411951,0.1279336,0.012437369,0.498735107,0.18486131,0.116543113,0.127314302,0.012873367,0.41997596,0.210629598,0.153787184,0.154819187,0.012600134,0.542018392,0.167353352,0.095932459,0.114556106,0.012605642,0.455133141,0.19176731,0.142908367,0.145014712,0.011939809,0.471985795,0.17201832,0.146527003,0.138252525,0.013077541,0.358139819,0.177345743,0.266166313,0.146429368,0.010223889,0.387183366,0.197753426,0.201741134,0.151660489,0.013055877,0.391326489,0.191641582,0.223977829,0.137462733,0.010300084,0.411301097,0.159044829,0.172770915,0.174888981,0.021586729,0.27423278,0.149637757,0.383623203,0.148599317,0.010969786,0.31607444,0.148736175,0.300643675,0.172678634,0.018840694,0.314368113,0.157428421,0.347966526,0.133903737,0.009784379,0.271293786,0.120829889,0.319472095,0.197300998,0.040811624,0.265636012,0.142724786,0.398066854,0.142800157,0.016251065,0.425780668,0.218302353,0.147976499,0.146225803,0.012318659,0.389155736,0.208383622,0.202088126,0.140454711,0.011719783,0.320763437,0.160147901,0.3125656,0.154499719,0.012848519,0.395069208,0.150042869,0.204108371,0.1762988,0.022037835,0.485430842,0.147217581,0.074296157,0.223744219,0.006818406
Subject04_1,0.426851348,0.223333699,0.118899661,0.173704249,0.009144838,0.52301457,0.161957968,0.093966449,0.136112665,0.011847004,0.425876404,0.206119747,0.126458753,0.187326855,0.007955507,0.413188456,0.197855485,0.128629065,0.201369501,0.00854729,0.425760681,0.220537634,0.123551939,0.168873021,0.010197715,0.566516407,0.145420673,0.085220483,0.113373298,0.00935773,0.382128822,0.214713508,0.153220794,0.173999084,0.022266192,0.433948694,0.186279789,0.17049313,0.144333838,0.009499169,0.380163758,0.189982994,0.211921248,0.160715294,0.009293493,0.391183654,0.19170116,0.184284751,0.176595588,0.010887091,0.415239658,0.202317613,0.169584208,0.141805456,0.016386745,0.447667777,0.169178248,0.188704755,0.126504005,0.007894807,0.344762949,0.184419759,0.275129137,0.146073011,0.008054867,0.300493508,0.189621521,0.323184811,0.142464628,0.006583,0.276116292,0.17410914,0.3432982,0.162158912,0.007458842,0.397928905,0.154281907,0.271183448,0.123263854,0.005810197,0.406303601,0.219570782,0.125064092,0.195283077,0.008971838,0.411477016,0.18606038,0.179901403,0.163968137,0.009850406,0.310187596,0.169108945,0.325621899,0.148851899,0.007427533,0.44412876,0.199276934,0.142904619,0.141039001,0.014013647,0.420969272,0.142484638,0.130235815,0.224993838,0.017325704
Subject34_1,0.314123174,0.180677136,0.273873011,0.169411008,0.016403384,0.281225501,0.193311672,0.288469493,0.172459213,0.023370601,0.328302998,0.210515736,0.2432113,0.166017119,0.010917879,0.248232049,0.208103749,0.328082104,0.170049188,0.012828615,0.340097145,0.18318862,0.251439467,0.162729678,0.015199283,0.323653405,0.184283659,0.255495216,0.176011991,0.016821532,0.238998621,0.164128868,0.404272374,0.14997516,0.009274704,0.299226025,0.17290721,0.296919961,0.178069844,0.012511523,0.314991733,0.185980657,0.281671428,0.16622723,0.01071448,0.288991703,0.172129766,0.299254882,0.189215315,0.011127688,0.291560088,0.165878318,0.33663619,0.154597736,0.01150181,0.302292414,0.201677059,0.267464059,0.177151646,0.015166345,0.265503659,0.151257321,0.39099967,0.145544189,0.008755449,0.293817202,0.155869213,0.336675275,0.159299559,0.010118634,0.201860896,0.135791661,0.464781395,0.148744665,0.013770785,0.247061395,0.135603868,0.34473683,0.192615425,0.030085846,0.282462362,0.196884666,0.306364251,0.164282289,0.012117252,0.333837905,0.189169605,0.239281126,0.182629091,0.010969906,0.281043944,0.175009098,0.350975383,0.142642823,0.008035091,0.391015941,0.133705116,0.162524055,0.214372206,0.034534406,0.435323784,0.208940938,0.109607018,0.197887779,0.005265135
Subject35_1,0.447929011,0.183849005,0.117860432,0.174948298,0.018961247,0.38227192,0.196202286,0.128294252,0.210662201,0.026780536,0.465098778,0.187355042,0.103892579,0.166537217,0.017487149,0.436150086,0.201803109,0.1035391,0.187053649,0.01880991,0.499309218,0.165455508,0.092309735,0.154746592,0.020980283,0.424542751,0.165079002,0.104925081,0.218529653,0.026801615,0.409514645,0.157696639,0.140920293,0.221094873,0.020662715,0.513295783,0.149985331,0.079642236,0.166087104,0.020784264,0.446213226,0.186526914,0.111752824,0.173256942,0.021661193,0.451183761,0.205624272,0.100276048,0.162796641,0.020279471,0.40214823,0.159843359,0.121897344,0.222767702,0.033200243,0.484612514,0.126578771,0.112280222,0.185674989,0.020326352,0.423250732,0.152552133,0.137730621,0.210093299,0.021469895,0.444014003,0.147055723,0.145416191,0.177368267,0.018738541,0.28563417,0.116222814,0.258755883,0.278691845,0.019536293,0.364331574,0.121986743,0.230129419,0.211512312,0.017423162,0.413465626,0.204713988,0.122304355,0.187570083,0.019536304,0.522226158,0.183665327,0.091064482,0.130205584,0.017203637,0.4268443,0.149900453,0.156603236,0.18802186,0.019639612,0.446871153,0.154171546,0.106954013,0.189728176,0.031819849,0.321652568,0.105082695,0.158601149,0.369633603,0.010777824
Subject33_1,0.464849655,0.183145426,0.19460371,0.098512363,0.011292771,0.424036354,0.200907255,0.216925823,0.106129658,0.011146992,0.400244381,0.205382717,0.23389981,0.113718676,0.008732828,0.42793223,0.192919585,0.218642279,0.107395119,0.008124895,0.560467137,0.177868072,0.123528326,0.076086188,0.009636713,0.376272127,0.17936021,0.262529807,0.130862078,0.011726531,0.355103051,0.194853748,0.277602232,0.129113469,0.01163048,0.369626882,0.201506083,0.251579385,0.129463647,0.010379158,0.322222935,0.187669827,0.321956798,0.128004111,0.009340078,0.344067128,0.194885414,0.292710815,0.126093999,0.010177273,0.311633091,0.171911446,0.339417553,0.140120989,0.009748427,0.196346523,0.125571445,0.510055994,0.140604776,0.006004064,0.184847793,0.110175213,0.527936954,0.152617685,0.005058326,0.18940047,0.115292541,0.541195851,0.13096568,0.004453955,0.121786696,0.081621051,0.63012842,0.150668595,0.00327657,0.142487059,0.102881779,0.595538815,0.140340372,0.00425929,0.387448399,0.203519191,0.249127051,0.114735671,0.008359744,0.374545939,0.191352795,0.271860116,0.116803817,0.009836218,0.191807605,0.117438803,0.528889676,0.137268819,0.004863171,0.50466321,0.227891036,0.115118062,0.100636526,0.011596152,0.347987779,0.084143703,0.183176173,0.332855511,0.013798079
Subject07_1,0.336591753,0.273414101,0.145924742,0.155201874,0.031172066,0.390929031,0.232552061,0.131410077,0.15178504,0.028856287,0.298632833,0.336618108,0.1599492,0.142099344,0.019179157,0.247654198,0.347871331,0.178924729,0.166600671,0.02109839,0.439029433,0.234738201,0.117978895,0.125522317,0.022453347,0.433214505,0.207774356,0.117164464,0.143153719,0.026725029,0.325677095,0.354504968,0.168365493,0.09863119,0.011628695,0.328694752,0.288352377,0.196647459,0.120063887,0.019232967,0.287816756,0.376810167,0.176787698,0.109294748,0.012184529,0.266708116,0.374250058,0.20304665,0.112809583,0.009224625,0.289865917,0.324342664,0.194086109,0.129731596,0.018765439,0.336023508,0.282022551,0.215227794,0.10954969,0.012237132,0.249482337,0.428815985,0.214122754,0.072138557,0.006232876,0.225264532,0.431270586,0.227303535,0.081372432,0.00690679,0.254008115,0.404609562,0.199373433,0.104237145,0.007656353,0.248411762,0.396159006,0.211602084,0.104193113,0.007723268,0.290711252,0.353528278,0.172289397,0.135796925,0.01073772,0.297362306,0.395276051,0.174801759,0.091471104,0.00716464,0.204468281,0.480907811,0.223190263,0.062308901,0.004320486,0.479527251,0.121493985,0.109944879,0.166585455,0.041952608,0.345480119,0.159040398,0.122215708,0.261610874,0.064346141
Subject05_1,0.504253473,0.175315615,0.154215969,0.082279929,0.011948408,0.165114283,0.299808807,0.285385887,0.180468748,0.034918963,0.34326234,0.252230274,0.243100924,0.107862366,0.010079582,0.30942821,0.276036009,0.252170048,0.115718521,0.009296349,0.518588402,0.153593184,0.169263763,0.077374323,0.010111471,0.432495232,0.204316948,0.180614592,0.104503029,0.015612642,0.409269979,0.186132434,0.235258428,0.102125635,0.010754109,0.34831666,0.200207753,0.288903433,0.106115596,0.011292619,0.272696045,0.232624193,0.337576295,0.111742498,0.009958914,0.246157523,0.225554095,0.380528247,0.105419678,0.008670462,0.198234212,0.186244076,0.382094465,0.166143799,0.032544904,0.185643625,0.2372411,0.433121056,0.105814516,0.00991276,0.159298403,0.164447014,0.546893169,0.101386786,0.006841444,0.137676408,0.146533622,0.603369152,0.086385765,0.006230615,0.092350876,0.136592885,0.683104815,0.070746656,0.004013514,0.091619821,0.122158224,0.70124324,0.067817973,0.003621293,0.3555389,0.252781843,0.230183549,0.104370867,0.009869062,0.28193892,0.247025003,0.322334455,0.104883875,0.008703043,0.212396544,0.150285623,0.52022712,0.083291332,0.006154297,0.418281608,0.174295157,0.184936586,0.162253555,0.012617087,0.356033942,0.157908451,0.118885351,0.32057479,0.014647531
Subject09_1,0.368822305,0.238514731,0.212027521,0.099868995,0.024639184,0.37294418,0.251178061,0.223791165,0.081813629,0.016218156,0.390518828,0.304703597,0.189047492,0.059300512,0.009022957,0.397861505,0.287562232,0.198019164,0.058853823,0.007967132,0.39060506,0.239275972,0.183792207,0.094634221,0.030792278,0.349050702,0.242946485,0.234362014,0.105827921,0.02000393,0.471992974,0.240009797,0.137074694,0.076093473,0.013065099,0.425709513,0.249873473,0.173892607,0.072959733,0.010126276,0.411276593,0.293156229,0.175992275,0.061558416,0.006532118,0.360047595,0.311184875,0.21580107,0.059499213,0.006227579,0.447610497,0.225409996,0.159193578,0.090413004,0.012423604,0.280363415,0.225929896,0.294125088,0.140049289,0.014064082,0.359378949,0.281274199,0.209122679,0.096936866,0.008458555,0.309846231,0.265761794,0.295395592,0.079157519,0.006225303,0.283444747,0.223517416,0.354548507,0.090281645,0.007893254,0.237349442,0.195524808,0.428640017,0.095293076,0.008423074,0.397224393,0.308709006,0.189619703,0.05408719,0.006308648,0.365419681,0.330278132,0.201591446,0.051571527,0.005597955,0.303267127,0.287168766,0.294279869,0.068506884,0.005335325,0.284419132,0.246864879,0.205012267,0.182053556,0.036849575,0.251387349,0.163267301,0.155959053,0.379976914,0.017924982
Subject08_1,0.299280038,0.197451962,0.287951517,0.148924461,0.019920481,0.362982149,0.173422927,0.246860932,0.136138713,0.027860013,0.223036143,0.236845444,0.35908122,0.138083419,0.010950284,0.325379272,0.203884119,0.295678356,0.122328874,0.011639574,0.27826888,0.22447817,0.308123053,0.135005237,0.013177421,0.386360765,0.170026614,0.252101449,0.123488425,0.016910693,0.324572683,0.178867322,0.295165442,0.141139262,0.012265182,0.263922522,0.16725356,0.379565677,0.140077164,0.012197899,0.247138367,0.202653759,0.362922177,0.141225232,0.010243018,0.249127807,0.20054124,0.364446782,0.141204998,0.010864893,0.405563802,0.133224437,0.270265888,0.1181378,0.009819726,0.189906222,0.134943099,0.46235703,0.169885431,0.013319907,0.199542897,0.14701839,0.416864265,0.197164224,0.008778445,0.185970272,0.142043256,0.451022512,0.184854747,0.00896839,0.172780403,0.109649256,0.473661501,0.211435912,0.007270963,0.191512407,0.098035912,0.508200932,0.16590047,0.008308469,0.226797303,0.249244568,0.357566762,0.126323417,0.009773526,0.249706148,0.219627216,0.357090321,0.129139978,0.009880143,0.189928476,0.144385302,0.446015421,0.183751047,0.007844906,0.31208523,0.182607465,0.294035791,0.131838441,0.028363977,0.321692817,0.236017589,0.154051028,0.262716944,0.004316262
Subject31_1,0.507863213,0.131195864,0.147532185,0.108073144,0.027890844,0.582047543,0.124054888,0.124543033,0.07942442,0.012201165,0.419019646,0.17926298,0.215227481,0.112056644,0.01289998,0.383171593,0.208427699,0.222509522,0.122174238,0.01358178,0.482682106,0.149492149,0.175814062,0.10512001,0.014642535,0.457732964,0.17001295,0.181020861,0.109826231,0.015477149,0.365835459,0.191462379,0.238494036,0.13236194,0.014515501,0.475766903,0.159043841,0.203130683,0.083330436,0.009452634,0.325352918,0.215332088,0.270335683,0.130142213,0.013675245,0.443725691,0.186447682,0.203071703,0.096151705,0.012234008,0.489446164,0.139492091,0.167308868,0.114771087,0.012592411,0.468096711,0.141801624,0.212353516,0.096370566,0.012201759,0.328502926,0.178134255,0.289130282,0.141807122,0.013169727,0.342676325,0.176425532,0.300335035,0.120149759,0.012545757,0.248700176,0.158078532,0.413152368,0.13229281,0.011380689,0.202110474,0.160690942,0.480070993,0.119133509,0.009343532,0.429579904,0.1827747,0.205652622,0.104988977,0.012382102,0.339577468,0.223147056,0.259164909,0.120521614,0.015199413,0.361794786,0.169423813,0.291090455,0.111112446,0.012412002,0.36664887,0.157448725,0.145418358,0.201169713,0.051544359,0.559264424,0.174351991,0.088787006,0.112401566,0.001475779
Subject17_1,0.335876558,0.200240581,0.180675577,0.188896869,0.041334223,0.36455136,0.127850749,0.126267136,0.242268789,0.060453011,0.3866351,0.190394358,0.171256939,0.170618878,0.030244659,0.426332146,0.18773386,0.163013228,0.145841151,0.022136815,0.37545712,0.177353721,0.160827566,0.186654499,0.042347908,0.452858033,0.160993959,0.135857333,0.154818441,0.032552382,0.443025724,0.160202761,0.149715499,0.156161025,0.025770252,0.450320385,0.177668678,0.146794456,0.14214431,0.02019553,0.453303821,0.183194478,0.141175104,0.145308442,0.018592327,0.480080471,0.186761009,0.11788772,0.134456754,0.017229874,0.434732953,0.143726096,0.168325072,0.157167501,0.024471364,0.272280784,0.393587127,0.18664157,0.098031655,0.012283232,0.405487023,0.149962031,0.219843855,0.149676536,0.015130424,0.415863305,0.153375695,0.224624727,0.134466252,0.013355223,0.330079147,0.162720992,0.288982047,0.159294063,0.010945055,0.363135254,0.145852787,0.277049006,0.150985598,0.011257011,0.447081444,0.192066087,0.150332983,0.134766981,0.019512935,0.498322721,0.18393366,0.113934913,0.122801796,0.016328547,0.393082927,0.16361793,0.211843023,0.156614786,0.016517232,0.411159096,0.107925712,0.100937058,0.202729604,0.081933121,0.458267089,0.213384812,0.143825113,0.138921185,0.010240056
Subject22_1,0.176678322,0.117055207,0.40262137,0.256975868,0.018904161,0.104346814,0.161114349,0.440012624,0.25811273,0.017234359,0.214890836,0.129687284,0.351197296,0.262885341,0.012498124,0.149914675,0.178804092,0.470555401,0.172983459,0.00756093,0.265782724,0.122259171,0.31873497,0.24008522,0.01432242,0.12072532,0.110727899,0.419857566,0.305252513,0.020535034,0.184151337,0.110808807,0.397000995,0.266849639,0.014059542,0.562979928,0.13762392,0.128563412,0.089947604,0.005076107,0.251601062,0.104192458,0.366467427,0.229215868,0.011076671,0.186072484,0.169570038,0.381709769,0.223619737,0.011984626,0.198958719,0.096906136,0.415632348,0.241650292,0.013673227,0.15331193,0.306508861,0.32453127,0.1795894,0.008362576,0.12286919,0.081330064,0.51554059,0.25190841,0.010082346,0.146981778,0.082292298,0.50617935,0.232906203,0.008904759,0.085171681,0.051456282,0.632431962,0.213530276,0.004573446,0.155570647,0.056179483,0.555192196,0.203551133,0.005879516,0.238187801,0.144036288,0.340204465,0.235212798,0.01159692,0.22366906,0.114916766,0.395183772,0.221946364,0.012457746,0.137520942,0.080615275,0.52884044,0.224775776,0.007978353,0.190172447,0.176742878,0.345205673,0.236138833,0.018448592,0.256176614,0.163118278,0.161287734,0.387483475,0.010129482
Subject00_1,0.226251187,0.136040387,0.409922205,0.186120628,0.013091778,0.257532393,0.131242027,0.372830698,0.185151997,0.019003425,0.233005658,0.137184498,0.397023639,0.192728866,0.012001105,0.239234878,0.145600874,0.387299039,0.189744008,0.010362741,0.400641604,0.131017793,0.251695201,0.153601869,0.015584961,0.310848038,0.132176156,0.308119796,0.190114441,0.016439248,0.271718536,0.147175783,0.33276862,0.202788588,0.011905909,0.216237887,0.122584186,0.424341868,0.200762784,0.009325433,0.290262659,0.135349219,0.340039332,0.191574552,0.010662165,0.241164597,0.150530789,0.363929421,0.204656164,0.01039328,0.262182841,0.126607232,0.35427925,0.210953203,0.010121104,0.168020287,0.086231389,0.507863127,0.206919768,0.008609814,0.210513823,0.117135668,0.409254148,0.227248244,0.008664158,0.166927661,0.095065926,0.508607549,0.201711575,0.006929618,0.183785429,0.105775488,0.460812295,0.217993863,0.007738455,0.110140062,0.081354709,0.623658767,0.165257909,0.004891719,0.239884404,0.145753859,0.388011021,0.18809343,0.010215697,0.369090632,0.157567692,0.286132169,0.153752425,0.008711297,0.22417694,0.115190236,0.410467109,0.21405823,0.008260838,0.272586473,0.132365704,0.383002613,0.181660417,0.007790192,0.396397329,0.226363957,0.170859122,0.175199548,0.003181827
Subject23_1,0.37991108,0.220336434,0.25446769,0.08385292,0.007450066,0.437699244,0.185918698,0.201437925,0.087222331,0.019438608,0.254086573,0.266875542,0.317354198,0.121025733,0.0104352,0.284436353,0.265187508,0.288278952,0.117519917,0.007737954,0.216366862,0.17581918,0.478099673,0.094755842,0.006846106,0.379860902,0.219812197,0.2304973,0.100768385,0.011943936,0.201521905,0.192720696,0.436801015,0.135730572,0.0087699,0.24666237,0.239359463,0.277510235,0.179739681,0.02010972,0.227192897,0.283626062,0.340071942,0.112850607,0.007537488,0.230835048,0.311963168,0.303737063,0.118152012,0.007140765,0.185287895,0.239413938,0.431687565,0.112445934,0.007604423,0.15721283,0.331965309,0.373870431,0.108040483,0.006749034,0.178525682,0.308369559,0.388609881,0.095258271,0.005380683,0.171549674,0.337201935,0.365167807,0.09756995,0.004968084,0.097318815,0.290262367,0.52352404,0.072014138,0.002931312,0.109461078,0.313236468,0.487390551,0.071332524,0.003010037,0.262048532,0.277620426,0.314692274,0.106800502,0.007098925,0.223007256,0.333017779,0.301647077,0.10701806,0.00741996,0.175289868,0.375455801,0.330966117,0.090759176,0.005188572,0.285847636,0.194057612,0.276631787,0.192810701,0.014690264,0.209646205,0.212212633,0.16048594,0.376352286,0.026382674
Subject11_2,0.444436425,0.14633492,0.081213069,0.143114621,0.09219381,0.397074925,0.132645994,0.080239657,0.166033724,0.116160085,0.385595301,0.188415039,0.119354137,0.192645049,0.05145842,0.431267987,0.205247308,0.098669501,0.159144762,0.035485321,0.313353092,0.283045287,0.146803404,0.163963145,0.038040001,0.450423722,0.147314261,0.085982231,0.172572627,0.056188251,0.311717631,0.235416041,0.158818364,0.202645967,0.037307589,0.55480515,0.137542103,0.090942319,0.117409229,0.025895188,0.465097714,0.138958121,0.149145478,0.147060652,0.028769173,0.422187084,0.162885648,0.111636249,0.17643994,0.049867593,0.486052215,0.13140511,0.102574746,0.162854024,0.03702895,0.431094181,0.185226253,0.134421004,0.138441038,0.031601124,0.531548142,0.14267081,0.091975182,0.121327319,0.026109131,0.52378811,0.134822787,0.094844285,0.131518774,0.024158301,0.520120558,0.123959892,0.109176719,0.136911641,0.027113506,0.502557133,0.097285294,0.135041169,0.141652307,0.030820419,0.442053921,0.225832907,0.095671864,0.139936957,0.030660368,0.486015813,0.171955149,0.090542483,0.140297613,0.035220517,0.542830626,0.132877784,0.088857685,0.121464025,0.024315813,0.205454498,0.164869953,0.168311227,0.324103309,0.076359614,0.148387221,0.246527632,0.160113878,0.395863404,0.034128677
Subject12_2,0.334643739,0.156204869,0.158282925,0.224356222,0.061071786,0.317685959,0.1908841,0.206997202,0.190324727,0.040546102,0.317192558,0.259608067,0.219384313,0.129447913,0.026300498,0.298983931,0.268873504,0.256065144,0.122716039,0.018169316,0.246845412,0.168483166,0.183279973,0.277912947,0.06080363,0.362505987,0.173372639,0.184108241,0.181767085,0.037775815,0.247194603,0.233032255,0.319753888,0.13773826,0.025350182,0.282936685,0.282064241,0.294917605,0.097235071,0.012206758,0.250574696,0.265016004,0.34408578,0.097819484,0.013095435,0.224473108,0.261295149,0.360970634,0.118781107,0.009683801,0.21228093,0.207276271,0.388249587,0.1270161,0.02682471,0.12526287,0.217559112,0.539567613,0.091884851,0.008609368,0.163043571,0.214481771,0.511070323,0.081444102,0.007727425,0.150659387,0.21895349,0.543649749,0.063097799,0.006102829,0.074862095,0.170260722,0.695004224,0.04488722,0.003621022,0.104581571,0.184278847,0.642386659,0.048998711,0.004382257,0.254874022,0.271764361,0.275013084,0.139718837,0.021194568,0.290666289,0.266159644,0.30264043,0.096164779,0.011561353,0.126094349,0.220702937,0.580844051,0.052359775,0.004686245,0.20110234,0.154124567,0.222371967,0.258619388,0.093452875,0.416980569,0.206601048,0.110390648,0.225807868,0.009570212
Subject10_2,0.493319769,0.163667477,0.116443226,0.125947722,0.021243822,0.603421078,0.131929733,0.072663455,0.093986677,0.018125262,0.394144884,0.270695911,0.136767911,0.136352684,0.0166833,0.396482453,0.256506239,0.134032026,0.14299424,0.022381942,0.512799487,0.162115619,0.104528606,0.123233016,0.019399973,0.550555528,0.158285926,0.094801853,0.102956396,0.015600982,0.357957733,0.139605779,0.247870328,0.190989287,0.02160203,0.376279354,0.145370977,0.221571744,0.193908592,0.016516163,0.342691488,0.159747845,0.280220186,0.160630678,0.013034916,0.341977567,0.165897939,0.263668001,0.173699849,0.014153258,0.341982433,0.129831937,0.263619771,0.202048008,0.020164832,0.218830222,0.150266221,0.367834766,0.209931391,0.025023507,0.228783476,0.085280537,0.454131617,0.192996492,0.00704632,0.23092292,0.089871826,0.458225873,0.184404031,0.00681022,0.166724681,0.0612242,0.574376991,0.167056042,0.005419441,0.165757747,0.06542824,0.57779699,0.160929892,0.005005638,0.396036216,0.303551254,0.127746097,0.114506147,0.012371746,0.403306955,0.187283977,0.213391264,0.129234641,0.015136294,0.22693827,0.081411972,0.473117892,0.179879828,0.007073326,0.307751308,0.180251525,0.186173981,0.260332974,0.02550219,0.322847921,0.211430369,0.130374353,0.306851193,0.004234945
Subject02_2,0.184163351,0.079869412,0.104568654,0.414094458,0.13497753,0.31088263,0.133331394,0.193430225,0.242327289,0.049615619,0.296782687,0.132318262,0.200561223,0.26897039,0.048238635,0.374817794,0.133685052,0.186843885,0.203668272,0.035914432,0.20320016,0.077255403,0.115367183,0.397249465,0.125768194,0.401017207,0.099652608,0.133738407,0.221996673,0.062250319,0.286906183,0.125050869,0.185210818,0.270636339,0.066642748,0.343046282,0.112574512,0.204036345,0.22421997,0.044394805,0.385653147,0.14128607,0.201579325,0.191014524,0.023639527,0.371330336,0.150048454,0.213123686,0.192363361,0.018775141,0.265489418,0.107993949,0.210139309,0.283888086,0.059776555,0.33003652,0.112987069,0.215370132,0.219192715,0.046756181,0.278055292,0.129673032,0.25207749,0.27312013,0.022967354,0.324040478,0.136609844,0.24701771,0.227483999,0.017464019,0.14858037,0.089595279,0.31307668,0.372433,0.040590124,0.158301007,0.104026286,0.389471421,0.298600662,0.020455311,0.394039403,0.144192954,0.184816062,0.199094365,0.023372263,0.374249875,0.1602608,0.21806353,0.175551613,0.017445693,0.286808013,0.143824082,0.270271916,0.238837926,0.018287961,0.324507082,0.162415743,0.248396655,0.152596233,0.040717915,0.381635666,0.123631789,0.08303371,0.324255197,0.035867876
Subject18_2,0.230849419,0.21560013,0.226430923,0.254963929,0.03248004,0.294543044,0.179640437,0.190868249,0.261302866,0.026442487,0.3386797,0.197850723,0.173083111,0.222235396,0.01968629,0.279822373,0.228897091,0.149811892,0.268709748,0.025952322,0.336535405,0.188887484,0.171117023,0.211156731,0.027680422,0.247715665,0.210742049,0.223695789,0.257814014,0.019243405,0.413660719,0.189630119,0.146794166,0.167290993,0.01834831,0.321458655,0.210373882,0.180170642,0.217718987,0.021077128,0.270608894,0.211488972,0.162411693,0.311238783,0.010709979,0.424011841,0.209227923,0.13556672,0.167278918,0.016680684,0.554784192,0.127447516,0.115777122,0.126919888,0.029012265,0.32238471,0.142322072,0.249450802,0.199420887,0.029622554,0.36543585,0.216360698,0.182658785,0.167540016,0.015812029,0.417613242,0.171298799,0.155858036,0.173856094,0.019086004,0.414950796,0.169129236,0.186861022,0.164239534,0.021636001,0.378654674,0.136586357,0.216174831,0.188472467,0.021142565,0.25167698,0.196922796,0.141085358,0.330407352,0.038009112,0.403108775,0.232052243,0.133973956,0.155611577,0.016025398,0.42839729,0.192069158,0.14290269,0.162928867,0.017223465,0.315986289,0.163691729,0.213597019,0.218534854,0.03739252,0.188450455,0.32266633,0.210228593,0.259745825,0.004052616
Subject16_2,0.301052811,0.265123952,0.127100372,0.207475346,0.044600247,0.432860842,0.168334717,0.085048935,0.184672719,0.056302881,0.408868741,0.234616647,0.102406814,0.160069629,0.03386563,0.380264342,0.226619607,0.090840273,0.190696831,0.046170448,0.354609334,0.199366364,0.105052902,0.209001212,0.059076218,0.336438735,0.228996037,0.108905891,0.207333425,0.057036412,0.338386016,0.188726092,0.128276659,0.187291182,0.070895241,0.272536592,0.241953982,0.091727451,0.192437363,0.093642488,0.40943537,0.229028446,0.118194688,0.158648669,0.02881325,0.389404369,0.212857134,0.154476117,0.155619649,0.030371357,0.390746384,0.190133566,0.124729999,0.195619206,0.038896115,0.339983818,0.147819057,0.115107183,0.210976027,0.082190412,0.427229945,0.191873597,0.14806905,0.16071495,0.020315079,0.421043811,0.189576892,0.164237017,0.153423963,0.020222353,0.378812545,0.187192585,0.192469212,0.1822546,0.015891229,0.428247913,0.177479211,0.182246875,0.153100809,0.01350136,0.420278945,0.255991183,0.098977622,0.148724587,0.024290549,0.415600887,0.227655553,0.126802316,0.1538877,0.023420937,0.370897402,0.218178709,0.172477094,0.171357528,0.018482057,0.519322414,0.1674875,0.065741498,0.144198304,0.035781374,0.250979208,0.331098408,0.210030877,0.190412324,0.001550286
Subject19_2,0.181685616,0.192315042,0.282534002,0.239350557,0.060354472,0.140136495,0.183314329,0.260035732,0.255292051,0.10904048,0.358079723,0.188019562,0.224013816,0.161170338,0.022773797,0.309109134,0.196143712,0.243163861,0.174198248,0.031771827,0.482860969,0.144022017,0.150776794,0.136599213,0.022320793,0.349157671,0.13907567,0.145375207,0.190726602,0.096423947,0.348611394,0.159209828,0.229164436,0.191433537,0.025867948,0.188605416,0.094809877,0.144444645,0.310083023,0.15023449,0.357274219,0.173617841,0.221202818,0.181383219,0.021127102,0.337139318,0.176233107,0.213717287,0.191063627,0.030697514,0.38621625,0.128974064,0.216275777,0.185777852,0.024730116,0.314748546,0.099748168,0.294306533,0.21860685,0.020805576,0.353217019,0.184299561,0.244954898,0.157266931,0.014199249,0.278061831,0.167829106,0.33709314,0.164396806,0.017914005,0.2355742,0.117492231,0.428075716,0.164349196,0.020447703,0.297454724,0.116518404,0.351622724,0.165187554,0.023051296,0.324501542,0.204714816,0.234022762,0.166756216,0.024485809,0.333104633,0.180458998,0.233108656,0.18474921,0.022992989,0.318363184,0.203951929,0.249350654,0.162669103,0.016577858,0.106459193,0.181944886,0.239276681,0.331251319,0.085323077,0.358187162,0.16439322,0.104661561,0.313606627,0.021178219
Subject17_2,0.640410462,0.110696416,0.07450989,0.054948273,0.017478118,0.66667929,0.076401788,0.053589226,0.083909691,0.027167825,0.551771618,0.13939771,0.122859807,0.081642259,0.020660533,0.526796191,0.154912377,0.154493458,0.082756629,0.016390842,0.564172931,0.124961836,0.101052617,0.090197156,0.027426581,0.633957816,0.114097048,0.081433444,0.07643052,0.019562808,0.474700801,0.160183434,0.121942299,0.140343161,0.031859928,0.420941161,0.178505697,0.204329657,0.127224461,0.022664528,0.476918524,0.193832969,0.137708099,0.113792698,0.019199156,0.501732536,0.212505991,0.102510511,0.109363936,0.020427642,0.484141179,0.121912901,0.096897586,0.163939764,0.041853159,0.185794105,0.450220867,0.251331032,0.077622358,0.01232629,0.442554927,0.151827258,0.169024258,0.159755209,0.022639157,0.394738636,0.149623424,0.258722305,0.127830939,0.018561423,0.324511583,0.141524638,0.301186952,0.177968551,0.015565233,0.392768029,0.12551193,0.261520223,0.152410985,0.01673709,0.513325579,0.169141128,0.149138948,0.081960629,0.014760077,0.491719919,0.201138715,0.139691001,0.094727145,0.016284539,0.454174301,0.199727448,0.130972762,0.138756579,0.019668903,0.377450687,0.117742099,0.101382368,0.226600147,0.10401809,0.412615575,0.247249641,0.144113455,0.155532277,0.009996788
Subject21_2,0.530120792,0.135930987,0.133947694,0.108251684,0.012382513,0.590685383,0.134541073,0.083643974,0.108798209,0.012837337,0.308500739,0.19059301,0.274943741,0.173596053,0.013351398,0.247733063,0.216148441,0.245564761,0.237633224,0.021907261,0.446002245,0.226142113,0.157268203,0.118151347,0.011813796,0.496806814,0.1444086,0.137908151,0.142936474,0.017962708,0.257467527,0.167149943,0.319434676,0.20319508,0.01599857,0.422557813,0.195411697,0.137030164,0.19806279,0.012649021,0.290492843,0.191649949,0.272894411,0.194471319,0.016170898,0.313600794,0.264290252,0.195860876,0.180475595,0.015251072,0.230179997,0.210221742,0.322554972,0.1985911,0.013908412,0.29042691,0.172106481,0.229208398,0.253639337,0.017823974,0.276665156,0.182876578,0.321583687,0.17256317,0.014021142,0.32985982,0.163810361,0.24889075,0.203874164,0.01651141,0.227618342,0.157015998,0.425289259,0.15067713,0.009324242,0.321426829,0.163705781,0.325721708,0.14895443,0.009062546,0.269303283,0.279694459,0.230787529,0.169204606,0.018051039,0.320556336,0.214033427,0.233647681,0.177688562,0.016666182,0.29342344,0.21262971,0.261709809,0.182158643,0.018774596,0.366084698,0.198431464,0.180128285,0.189473434,0.016794273,0.318781795,0.213421455,0.148572848,0.266128256,0.012868229
Subject23_2,0.5136082,0.171527097,0.179664409,0.062612361,0.006059103,0.548296277,0.151687112,0.133691986,0.067435438,0.021757259,0.31947025,0.241755978,0.289145625,0.100932948,0.009062041,0.332728944,0.217924951,0.285590584,0.10906882,0.008768831,0.366006469,0.185245536,0.240141142,0.153126702,0.009032384,0.460387575,0.168655035,0.205069791,0.091635031,0.014053127,0.372461462,0.17871054,0.274633476,0.125806264,0.008338965,0.307012176,0.176835157,0.263306279,0.18589238,0.021723101,0.318625236,0.209323085,0.304372095,0.117927456,0.009607056,0.306681234,0.227554719,0.283957488,0.129021978,0.009397509,0.280883674,0.185480058,0.355215528,0.132252371,0.0099533,0.240555675,0.198180899,0.368178301,0.135528795,0.016075829,0.2651285,0.216699044,0.354313965,0.120281076,0.007696191,0.279140057,0.217903911,0.333404575,0.115983681,0.007097375,0.14653183,0.206804163,0.526709255,0.093912204,0.004434909,0.139352517,0.233603439,0.520924497,0.080218365,0.004265383,0.314483419,0.229264483,0.301097075,0.105704681,0.00862393,0.289960613,0.237377648,0.305702518,0.117596979,0.009871003,0.228685329,0.267750871,0.327927424,0.13351823,0.007903738,0.368750767,0.146949611,0.215734333,0.197391827,0.022870244,0.201519736,0.202623763,0.175153643,0.377214094,0.028619426
Subject26_2,0.614530463,0.108056387,0.093316778,0.064278259,0.012032422,0.666375614,0.083951503,0.077534264,0.037037559,0.006742894,0.536005402,0.171003509,0.135928876,0.068260458,0.009997415,0.514015336,0.154384561,0.146825736,0.09044962,0.016689814,0.604681516,0.133118314,0.087448284,0.060597587,0.011021471,0.670349716,0.080725608,0.079556401,0.040752456,0.007488007,0.511403418,0.202042526,0.127870618,0.089505503,0.010821879,0.548001852,0.171323243,0.115716001,0.081301237,0.011139772,0.5270021,0.201445644,0.123496444,0.073267394,0.009342005,0.494134032,0.239129691,0.130457433,0.070461593,0.009477322,0.495609619,0.16388805,0.201107648,0.078668665,0.009951975,0.454062879,0.144668847,0.236735954,0.094648187,0.011898951,0.411539326,0.179440083,0.27202319,0.081480267,0.00784233,0.427498513,0.151766415,0.26814758,0.08491034,0.010126677,0.28878127,0.132954591,0.474932322,0.063165629,0.005948839,0.26042393,0.126170038,0.506818764,0.068088429,0.00600613,0.542338231,0.16070685,0.144081931,0.068417039,0.009450287,0.52217034,0.190136324,0.142466849,0.071869945,0.008710583,0.423406488,0.16990561,0.256498249,0.086444123,0.010807617,0.506746612,0.134112166,0.069591753,0.164181587,0.03921817,0.348973868,0.155814695,0.096330721,0.335385981,0.022786531
Subject22_2,0.609890776,0.092374299,0.117038372,0.086574008,0.011727308,0.557110835,0.109326734,0.140754457,0.10305112,0.012617145,0.384469884,0.165689359,0.223492344,0.168304171,0.011454488,0.282894745,0.250151539,0.278937333,0.142508747,0.01055343,0.513484617,0.114846517,0.160388903,0.129079579,0.013437665,0.483862353,0.137092119,0.164862407,0.130688059,0.014782685,0.380525083,0.137310349,0.218531611,0.195167557,0.020320071,0.401835361,0.181042484,0.166349397,0.173285597,0.023395501,0.369185976,0.137229125,0.244834721,0.194476297,0.01369577,0.338801135,0.18764931,0.241239534,0.182563188,0.012790584,0.373650418,0.12304194,0.201890777,0.222306099,0.029052223,0.382123599,0.141692444,0.214780827,0.211032966,0.013010886,0.428203816,0.120595762,0.19103159,0.199223934,0.015144576,0.34152158,0.118490918,0.263204195,0.227566597,0.012559305,0.299394554,0.093613277,0.282627108,0.274441949,0.012844975,0.328627836,0.125544168,0.262972658,0.235317331,0.009144462,0.379489103,0.186512692,0.220036377,0.157402962,0.011061136,0.373808086,0.151826922,0.24706864,0.174944396,0.012473552,0.346190164,0.123854427,0.249333168,0.229192411,0.012364389,0.332699144,0.133970674,0.210633118,0.242751728,0.029964603,0.135452082,0.160707514,0.202645923,0.481061716,0.011753062
Subject25_2,0.703554563,0.111521494,0.069575498,0.032530545,0.004408524,0.714575709,0.113288064,0.059292189,0.027642196,0.003219439,0.333514939,0.254219203,0.282990377,0.08541422,0.007388644,0.348885076,0.252431094,0.274276935,0.081664712,0.006179468,0.484419592,0.190960782,0.154883164,0.09661506,0.015203707,0.555525061,0.161969884,0.130001753,0.068895413,0.011148309,0.224720802,0.184020025,0.438128447,0.11556019,0.010818232,0.327060335,0.176924296,0.30159309,0.109806599,0.02353393,0.180144343,0.227442052,0.47349569,0.097713689,0.004635796,0.279432179,0.231657759,0.390858443,0.069296924,0.003961118,0.241282494,0.148123386,0.476347868,0.098194913,0.007591517,0.415169411,0.124862016,0.320044594,0.080075829,0.00836648,0.098733574,0.110889905,0.681853203,0.095491165,0.00280571,0.120800963,0.133582379,0.641863926,0.090131269,0.00298925,0.136645335,0.121194691,0.598312057,0.124354828,0.004630702,0.225973843,0.128583214,0.513808269,0.091144596,0.003132966,0.348612804,0.253449054,0.277545594,0.077466662,0.005715599,0.173955687,0.261529847,0.459905091,0.083127727,0.004379715,0.115639603,0.126117135,0.637006501,0.1071633,0.002885808,0.277422424,0.250082473,0.151270937,0.235369643,0.042319431,0.206778135,0.139720143,0.161365418,0.441734785,0.033279123
Subject24_2,0.551772149,0.131395072,0.086804565,0.124923839,0.023428015,0.365294614,0.191989897,0.136989541,0.197301967,0.041771032,0.316765237,0.213869187,0.167483314,0.221534566,0.029357828,0.353115057,0.230506391,0.145312832,0.190675199,0.026607167,0.471140165,0.149891298,0.113776797,0.157205558,0.02543147,0.585324001,0.127369701,0.073388634,0.119380649,0.021484925,0.35816415,0.163846373,0.163266663,0.22300937,0.029730779,0.576567691,0.112928558,0.084476459,0.111266028,0.020057245,0.365361336,0.188779253,0.172623487,0.199137969,0.021999442,0.382504768,0.181392574,0.166033264,0.186389474,0.023746912,0.213217726,0.150018926,0.238154271,0.3036668,0.04199621,0.419482183,0.122169604,0.209268443,0.166262628,0.026167829,0.239519557,0.108554732,0.358067325,0.237790244,0.018612356,0.205285382,0.088491951,0.43056456,0.232497618,0.013145707,0.251626824,0.063901207,0.40651849,0.222329326,0.021973278,0.171107479,0.054347295,0.519402614,0.220473305,0.010859127,0.352833032,0.239374083,0.14215394,0.1861865,0.027771049,0.390066451,0.186031541,0.157117608,0.18788635,0.022798638,0.206920231,0.095618139,0.404313326,0.246230954,0.014860566,0.325988044,0.143606182,0.123335802,0.231431955,0.074968329,0.511771754,0.184921283,0.109268958,0.125591469,0.001233688
Subject32_2,0.29309856,0.239122189,0.273016786,0.115446288,0.02659576,0.360838045,0.296281302,0.180105575,0.101455764,0.016995174,0.29942821,0.266256117,0.2440996,0.10951088,0.02540393,0.313513347,0.26826844,0.251741905,0.108219821,0.015287183,0.296059632,0.242808453,0.236341558,0.132005572,0.031619103,0.437153512,0.203237861,0.170488283,0.114021517,0.019481223,0.214829005,0.271571333,0.313063509,0.129055538,0.025258201,0.258933379,0.270130088,0.295450438,0.117887399,0.019397036,0.25162726,0.286100811,0.293580752,0.107518659,0.020523079,0.260528126,0.300285709,0.28835083,0.101768058,0.013448005,0.261345255,0.223752779,0.281188369,0.160545266,0.026196288,0.145053914,0.260932771,0.467118924,0.092442616,0.01047828,0.20120028,0.274734786,0.33574896,0.133528348,0.021745685,0.193499502,0.300114685,0.346125735,0.116907237,0.013889663,0.166348278,0.222320536,0.299133343,0.197379582,0.063622332,0.146885428,0.257523516,0.370293639,0.145533785,0.04143285,0.310496435,0.277119238,0.250329697,0.103350243,0.015274369,0.279801297,0.315693681,0.255477056,0.097516286,0.01343679,0.207091311,0.305338456,0.320594984,0.119810843,0.016488954,0.261069981,0.208635168,0.27594314,0.183673988,0.029918135,0.229531412,0.165968338,0.158459407,0.399525453,0.023967768
Subject30_2,0.627804024,0.115466987,0.091938283,0.063287012,0.007606312,0.637045413,0.10081279,0.090536751,0.065447154,0.007982469,0.45970603,0.158568889,0.183252509,0.121001998,0.011356669,0.462567128,0.163737854,0.169319137,0.128571648,0.011652942,0.578798757,0.126922775,0.122388568,0.080063737,0.008433867,0.610947437,0.105806241,0.102932568,0.075407671,0.008363,0.361795532,0.150418092,0.258009024,0.167997223,0.015630447,0.351625736,0.16048849,0.274582905,0.14506538,0.015978909,0.267547171,0.17010759,0.358034596,0.15529847,0.010884183,0.332125321,0.219554583,0.241057123,0.148033976,0.014605784,0.339353152,0.139401476,0.32021872,0.131880721,0.021652478,0.183819532,0.130452222,0.385102318,0.227459059,0.033900987,0.252472515,0.187531274,0.37835502,0.138140342,0.009373918,0.220260305,0.159876461,0.433412466,0.14297414,0.01004701,0.200918976,0.138671617,0.485305654,0.135500877,0.01202569,0.18695307,0.164339815,0.499416791,0.115598198,0.00819059,0.456678506,0.178896409,0.164665503,0.12530327,0.012188412,0.264391182,0.185064928,0.332608829,0.16179495,0.015895163,0.234428784,0.170914567,0.418075497,0.131613164,0.010925341,0.304698523,0.163037965,0.276773803,0.169416313,0.031335255,0.211493486,0.226269359,0.133126076,0.387378723,0.0230687
Subject33_2,0.555360987,0.195492627,0.095781457,0.093619439,0.013421297,0.4925178,0.194266477,0.112437587,0.122408752,0.019967855,0.480335666,0.233969425,0.116661917,0.116772864,0.011519986,0.505518602,0.20323785,0.118430972,0.110800966,0.010434426,0.533554766,0.170785972,0.112198536,0.11251213,0.016314297,0.537306271,0.172194079,0.092985922,0.116672762,0.016959498,0.443197779,0.194257113,0.147719491,0.150173311,0.019197886,0.392383023,0.171499076,0.215435159,0.154638793,0.019320433,0.447346982,0.204841473,0.156255474,0.135856401,0.013777647,0.43460972,0.191312172,0.181526222,0.134557395,0.014635462,0.442972704,0.184985295,0.13671512,0.16269383,0.020149668,0.331451324,0.13914429,0.294236436,0.183325259,0.013607294,0.403889701,0.184799244,0.193763568,0.159317091,0.013087263,0.365785656,0.160859317,0.277678183,0.145440318,0.011585856,0.303229758,0.155981915,0.328125954,0.166850775,0.012279953,0.311979208,0.139405668,0.34267229,0.160776701,0.011814235,0.513817832,0.205796304,0.112889295,0.114206204,0.010548611,0.485009612,0.201222631,0.129124728,0.125768806,0.013635723,0.382464739,0.185464976,0.23183314,0.147408005,0.012350989,0.561758799,0.202369122,0.078973134,0.100506572,0.011353802,0.322564081,0.082053833,0.200857581,0.341401209,0.019094917
Subject27_2,0.372889124,0.309434588,0.103189784,0.120080399,0.033897942,0.257912434,0.322209085,0.110135106,0.17215043,0.074391889,0.34583932,0.399607962,0.104784443,0.090206215,0.013951973,0.336674261,0.363843313,0.113764984,0.110620381,0.020670798,0.370286427,0.249914963,0.116031007,0.154379279,0.041046416,0.326480041,0.205508093,0.118475369,0.187362018,0.065705074,0.384262338,0.225675783,0.144294917,0.162754629,0.025316281,0.343142373,0.170572978,0.132357306,0.193057048,0.062774429,0.428722911,0.273711961,0.11341283,0.109358621,0.015688134,0.398588491,0.285285734,0.120967829,0.119384687,0.019016107,0.500777273,0.162155534,0.098558657,0.132778969,0.026384907,0.472139019,0.153617648,0.128861511,0.149501612,0.022903609,0.445368806,0.22406994,0.114493184,0.138695775,0.018386192,0.461612667,0.200419596,0.122034154,0.129880655,0.020964752,0.422067814,0.159119642,0.186466733,0.157700775,0.017973108,0.376709505,0.158455453,0.251774636,0.148802481,0.016261347,0.33415167,0.440645227,0.091554003,0.08004153,0.011358502,0.41603299,0.290765971,0.115483485,0.107338189,0.015418721,0.46794197,0.216743379,0.111383076,0.121936287,0.017298542,0.355406104,0.247419118,0.122435443,0.183987669,0.040256656,0.291376043,0.263843148,0.179016546,0.235944506,0.010191458
Subject28_2,0.300469661,0.204274757,0.210063529,0.217060833,0.023296332,0.325638563,0.168300303,0.18748674,0.252668782,0.020612594,0.349249892,0.236062537,0.173201965,0.190081363,0.010953818,0.362123994,0.231847725,0.145547442,0.206550404,0.012627532,0.285751662,0.176516525,0.211633081,0.242597703,0.031611243,0.235721796,0.359876819,0.159722263,0.193549757,0.016185548,0.31944931,0.179342724,0.183426758,0.260171332,0.021684701,0.306672814,0.167528564,0.182568115,0.289715314,0.014977556,0.282904979,0.221296694,0.220574081,0.230991714,0.012025228,0.287109943,0.214862732,0.210013457,0.244581667,0.011691235,0.227712375,0.178997847,0.235306605,0.310330329,0.016833773,0.236665062,0.186620506,0.222922503,0.297026578,0.019231161,0.29143288,0.190955605,0.204419501,0.266536389,0.011168577,0.313402057,0.180765594,0.204494646,0.252685787,0.009725562,0.287195293,0.137870747,0.222523509,0.301822472,0.011655005,0.21522464,0.172134758,0.324088547,0.24871497,0.007981987,0.290872836,0.273827769,0.180965976,0.207868373,0.014663018,0.30730015,0.226355774,0.209374404,0.208917329,0.013468015,0.307917161,0.194744945,0.208386207,0.240003804,0.01080241,0.271988569,0.201559664,0.213578639,0.22349676,0.037696068,0.479811974,0.139976126,0.106177451,0.212631578,0.007647164
Subject29_2,0.329227,0.110689112,0.302584684,0.160227409,0.039246382,0.282534082,0.120546608,0.329619185,0.180500147,0.041372341,0.280780156,0.13082184,0.376281322,0.164835263,0.014399078,0.249147483,0.135757999,0.372405745,0.188311033,0.016780535,0.36681701,0.119722198,0.29576872,0.152724987,0.021135143,0.353461897,0.112963008,0.279532784,0.173371301,0.022831817,0.191535858,0.387212865,0.243245514,0.145356241,0.0120746,0.216244117,0.137488593,0.392844565,0.203731066,0.015735766,0.251029311,0.135737003,0.382465312,0.184161829,0.011524322,0.215367422,0.140418964,0.415787667,0.189189789,0.010369972,0.269762709,0.131344467,0.317425355,0.233320644,0.00967256,0.154259992,0.096415397,0.504958983,0.213474882,0.008199713,0.170428421,0.100132637,0.512591413,0.186914569,0.006221558,0.223286253,0.089472984,0.51267811,0.13877204,0.005354946,0.100594898,0.070556478,0.636832559,0.170407881,0.004473719,0.087301206,0.062081955,0.690272231,0.140763038,0.004541241,0.229573385,0.1421965,0.400487215,0.183979765,0.015287098,0.209909484,0.146597422,0.42181082,0.183413353,0.010892295,0.132280741,0.088222659,0.611425719,0.142632366,0.005307815,0.253346632,0.189694473,0.226990504,0.236265871,0.041309425,0.374763485,0.1522458,0.093741448,0.277199452,0.047037287
Subject07_2,0.514457691,0.227996971,0.075159887,0.092221053,0.017457423,0.53947872,0.177406575,0.075385569,0.10767417,0.025975974,0.472319683,0.241244032,0.090400502,0.109447284,0.02159685,0.450622711,0.231723964,0.106986978,0.120769137,0.024198634,0.546200073,0.210531365,0.063213557,0.091722272,0.021582925,0.440103264,0.17093253,0.087773423,0.15933826,0.053219314,0.467937383,0.218351971,0.110012912,0.116680042,0.018983305,0.337109288,0.209060975,0.191860417,0.162500003,0.039124652,0.470057414,0.23126684,0.100592567,0.107623755,0.01535558,0.360763511,0.281699507,0.183849754,0.109112919,0.013466853,0.306567849,0.181599572,0.215027424,0.201961166,0.0344515,0.352970779,0.213848688,0.215086935,0.143269545,0.021478974,0.391965749,0.242586641,0.200305066,0.100369246,0.010333643,0.317101674,0.28137447,0.243625554,0.104753878,0.011093862,0.430223191,0.220376004,0.163577786,0.101934975,0.009485931,0.307205201,0.256683827,0.261626391,0.12170501,0.010917571,0.46930512,0.252981196,0.102159652,0.099598257,0.013416685,0.419693126,0.28899802,0.1340351,0.091696053,0.010627155,0.328691452,0.283579905,0.246758149,0.089120395,0.008201234,0.344381955,0.184600729,0.147295318,0.205419972,0.053549268,0.350686545,0.134276049,0.148623771,0.25821129,0.070564732
Subject34_2,0.464782914,0.141583046,0.147856237,0.165059563,0.018986671,0.351697052,0.170541627,0.181448577,0.214145586,0.027622045,0.388410536,0.198840093,0.170870128,0.186011931,0.011512501,0.410538088,0.151665807,0.185787306,0.186375505,0.011031376,0.347061816,0.141319781,0.196940565,0.242579276,0.019473951,0.594396369,0.113113841,0.094768817,0.111198337,0.01116972,0.249116547,0.118407929,0.418505355,0.171072049,0.010862093,0.387849365,0.111815131,0.229726667,0.205661688,0.01345577,0.375408535,0.152603744,0.232529977,0.178560768,0.013371749,0.298873005,0.120088385,0.276386939,0.24684755,0.014354997,0.304422457,0.20056035,0.278579667,0.163503804,0.013816319,0.306573441,0.178707735,0.230762118,0.226705733,0.018148673,0.349688203,0.124541977,0.274461108,0.192183443,0.012826126,0.37478901,0.127336551,0.218834449,0.210813138,0.014932499,0.329885408,0.118781661,0.287386778,0.196460425,0.019781626,0.274027777,0.119198584,0.242904037,0.259647202,0.04784761,0.446780073,0.14447539,0.18059147,0.156403521,0.011333288,0.406150421,0.156181625,0.171089606,0.198964223,0.014594448,0.351335582,0.152412352,0.247492277,0.19007192,0.012314271,0.424269514,0.105388825,0.192222643,0.204872762,0.016469843,0.362882468,0.20996407,0.12440298,0.258735755,0.005135705
Subject08_2,0.528974576,0.180963664,0.118188641,0.088483331,0.014884797,0.526535157,0.174404259,0.116948785,0.094433631,0.015291336,0.372742257,0.266502787,0.178357393,0.122397677,0.01348446,0.445429164,0.216849691,0.146145731,0.118634602,0.013796221,0.548040562,0.165452028,0.109407117,0.08967901,0.013374017,0.504663503,0.164721352,0.12513116,0.116860363,0.014488066,0.453783612,0.172637271,0.177828535,0.127916952,0.018548217,0.324529141,0.180413694,0.223864254,0.206505946,0.021919058,0.376635439,0.233492487,0.194109923,0.135018616,0.014348454,0.354264789,0.216752265,0.199307589,0.171806124,0.015156156,0.525531881,0.130269089,0.147296832,0.110506518,0.014429031,0.498063029,0.120422486,0.171996809,0.144640424,0.016964653,0.330244029,0.183864514,0.228560334,0.205655408,0.014890267,0.270353713,0.16857665,0.246903225,0.266831991,0.015548131,0.363644338,0.139627424,0.240545361,0.200264487,0.012035489,0.330038883,0.129654607,0.271383599,0.212230024,0.012523747,0.35051506,0.292117002,0.18415619,0.120608868,0.012334818,0.384489843,0.246959269,0.177457048,0.127478102,0.011873926,0.296201243,0.186060091,0.238139149,0.232639213,0.014068964,0.350857494,0.196489347,0.198402734,0.202000731,0.009888159,0.288993028,0.240090121,0.16443184,0.275974766,0.004140562
Subject04_2,0.328041014,0.263741035,0.148303162,0.208718392,0.010649853,0.595097707,0.147670991,0.064083419,0.11175067,0.005688412,0.384001113,0.25597699,0.111305156,0.197268642,0.007288242,0.403224193,0.244095532,0.102262309,0.197028986,0.006299617,0.416850276,0.230104226,0.122247785,0.162921212,0.009805407,0.560284157,0.163185125,0.071912712,0.12689145,0.006067027,0.359765015,0.207452127,0.179929206,0.202352177,0.00877995,0.383100657,0.201658088,0.153000658,0.206285322,0.009088297,0.341676768,0.182169827,0.213580526,0.21277625,0.008030353,0.347974129,0.22738543,0.16382167,0.215600832,0.007231257,0.397163068,0.169761857,0.152017531,0.214732741,0.010319372,0.361405133,0.162075543,0.225520903,0.195863043,0.007899169,0.331640132,0.208597749,0.226312288,0.196786184,0.006746542,0.300396146,0.173219093,0.271018748,0.21736997,0.006389808,0.294953949,0.154086955,0.240526899,0.268903008,0.007622227,0.279014957,0.146746146,0.277144705,0.257565635,0.007610693,0.3767312,0.280287586,0.101125973,0.195168094,0.00641561,0.367973352,0.223730061,0.146574079,0.215979567,0.007198249,0.318922034,0.16096165,0.238028694,0.237229583,0.007500269,0.410325651,0.224216128,0.11804829,0.168423303,0.014879462,0.407860694,0.146726762,0.145183024,0.243403579,0.009692403
Subject06_2,0.61455224,0.120032083,0.074769009,0.092851287,0.016544207,0.42351354,0.188674015,0.113238122,0.177401021,0.030851879,0.345062162,0.188718217,0.147344183,0.22293698,0.038585435,0.401099883,0.220085432,0.134313468,0.164492785,0.022058145,0.557965977,0.132183996,0.076593336,0.131426921,0.02280907,0.481643668,0.166169108,0.102624934,0.15334124,0.022490127,0.346576131,0.170249052,0.138605022,0.234103775,0.045506182,0.385087645,0.15201654,0.183329713,0.180618535,0.033767692,0.42966475,0.17801333,0.130018043,0.167392015,0.029456312,0.403960955,0.187039603,0.155018474,0.16125097,0.028916471,0.365870796,0.118680593,0.099084412,0.250459847,0.074995545,0.414882453,0.129609708,0.197420799,0.163693427,0.028179235,0.376384135,0.163931658,0.131709254,0.211261542,0.047018317,0.391498598,0.143195274,0.197322731,0.163290589,0.034608966,0.271876465,0.145371417,0.154449256,0.271639885,0.083085919,0.333946609,0.122616737,0.251828154,0.188251684,0.040736271,0.407276201,0.228189835,0.131059027,0.154717424,0.022855085,0.429111845,0.200071146,0.137785805,0.149365206,0.025753739,0.325394638,0.174345509,0.196108319,0.203188759,0.039924643,0.300262158,0.149494271,0.169760197,0.282909236,0.040105212,0.428348399,0.159683587,0.086522046,0.262707229,0.009718692
Subject09_2,0.575377841,0.154918392,0.081868412,0.07554787,0.021925956,0.315315287,0.252513198,0.200880951,0.1499569,0.033189312,0.438379194,0.277878572,0.130437111,0.078912015,0.015071513,0.400387709,0.288318067,0.157186523,0.086871896,0.013442915,0.532742529,0.179697858,0.122980256,0.075512553,0.017377003,0.39732943,0.240424557,0.160259317,0.132373466,0.024641525,0.500169423,0.208241923,0.116965554,0.088523758,0.021307113,0.440916952,0.213575818,0.169716762,0.104401441,0.017163547,0.414792016,0.28588575,0.152515953,0.079224569,0.012128472,0.415659367,0.269767456,0.173910037,0.073412708,0.010512292,0.460485335,0.189722716,0.161251683,0.100354096,0.022963745,0.239223093,0.200628414,0.306805858,0.190032847,0.025835496,0.335300176,0.216457621,0.199514125,0.181696155,0.020882043,0.381817618,0.230100586,0.238789508,0.090563385,0.011266434,0.379542543,0.203464697,0.248356814,0.103792369,0.013116062,0.341813804,0.167089417,0.310774839,0.120610615,0.01342316,0.416275089,0.300324502,0.144605363,0.076017097,0.011033566,0.377533078,0.305666099,0.183579662,0.07230047,0.011447549,0.357151547,0.241388711,0.2522875,0.090258099,0.01067631,0.519523334,0.181224786,0.101802642,0.106746741,0.026608448,0.232279718,0.15814054,0.169640184,0.393339952,0.018463822
Subject01_2,0.431254861,0.284991902,0.107425905,0.106175888,0.019870241,0.276092578,0.357680903,0.147053406,0.151113053,0.02849154,0.382657375,0.287576578,0.134609766,0.13780187,0.013773629,0.37535673,0.266437996,0.128200336,0.168317459,0.019932308,0.572420877,0.167392935,0.078425027,0.096551657,0.013642018,0.602273353,0.147941626,0.067254587,0.08606847,0.016108302,0.404848263,0.155600366,0.11511763,0.224386863,0.034728242,0.46282555,0.140195938,0.123256323,0.201870587,0.023315332,0.423313872,0.19336025,0.134820519,0.186718839,0.014642008,0.458786727,0.155329388,0.121908371,0.189820759,0.015832286,0.451554136,0.159149182,0.125507039,0.186955524,0.019446576,0.324655794,0.112534408,0.231288213,0.258798272,0.031304735,0.450665669,0.152067798,0.146460667,0.18100689,0.012289408,0.500861296,0.103985678,0.137455048,0.169384702,0.013421185,0.481604945,0.107349539,0.147475585,0.189009053,0.015748302,0.772150176,0.042124772,0.050798853,0.041505055,0.004073502,0.361180704,0.338043382,0.115341944,0.13348178,0.012379986,0.413033184,0.199809169,0.141205452,0.183436152,0.014109993,0.5354803,0.106259985,0.10139914,0.166216556,0.013634671,0.565714061,0.114853015,0.105707946,0.10383182,0.025187238,0.545099897,0.144233633,0.083114322,0.131669903,0.02904138
Subject35_2,0.450797501,0.212706411,0.063208506,0.154589688,0.037309518,0.273105853,0.362560237,0.082187892,0.192518952,0.043820235,0.348134435,0.301040306,0.089052008,0.176907113,0.034781149,0.370003357,0.311661105,0.085967155,0.158411231,0.026749891,0.289490736,0.284809235,0.11340906,0.204641405,0.049824558,0.403999117,0.216881895,0.086647285,0.195441835,0.035830372,0.475403493,0.173742957,0.080675081,0.159482662,0.036682619,0.462304581,0.167545086,0.083693238,0.185181872,0.031434825,0.433129704,0.232110052,0.084603974,0.152506006,0.03390889,0.440104153,0.231539964,0.086161382,0.154589842,0.029607662,0.427563354,0.179085626,0.086251025,0.202056991,0.043909791,0.480930063,0.151155368,0.083260276,0.199697019,0.030150041,0.438830101,0.193002695,0.092830302,0.175352686,0.033209193,0.455476223,0.177638886,0.101396127,0.170251762,0.029751345,0.424801888,0.162427626,0.116994681,0.202024745,0.029404315,0.45057789,0.158131575,0.112620438,0.183746971,0.027983044,0.366536978,0.357731405,0.079404415,0.128053793,0.021329672,0.441933162,0.251449996,0.082373602,0.136536321,0.028042016,0.472704556,0.1832307,0.092175006,0.157999509,0.028805325,0.319728609,0.190568076,0.1112675,0.241789449,0.059938369,0.459181108,0.214850925,0.086144954,0.154443313,0.022116105
Subject05_2,0.617657955,0.129084372,0.078301556,0.070488545,0.019154697,0.579594051,0.148972987,0.100430407,0.081112964,0.015637729,0.387746763,0.244011371,0.19958188,0.109472303,0.013875265,0.336998782,0.243007763,0.229555927,0.133282402,0.015715517,0.607882437,0.14443646,0.090096851,0.071215363,0.014111042,0.459136751,0.187538993,0.17951326,0.101668065,0.0164423,0.432878125,0.195780236,0.190412207,0.111353336,0.014451092,0.374957858,0.176253694,0.250581831,0.13450492,0.0226007,0.283620694,0.251849432,0.266761939,0.14415436,0.018232699,0.26483856,0.222447369,0.313507392,0.1468666,0.017483397,0.589705841,0.098247842,0.121942477,0.077530327,0.017251541,0.187762771,0.17241028,0.473555544,0.11856203,0.015803584,0.213506342,0.150021143,0.466735399,0.126610849,0.014085521,0.151287274,0.122211365,0.589878706,0.100901251,0.014575916,0.103844875,0.092796799,0.713050783,0.070116073,0.005873069,0.087249599,0.081648217,0.750192346,0.062941778,0.005181934,0.37102735,0.253070783,0.199244202,0.118537913,0.015516357,0.283052835,0.270836387,0.25127386,0.138393862,0.019335423,0.315882031,0.12769326,0.416038185,0.08895768,0.010533522,0.40267714,0.146396358,0.145894956,0.213889442,0.039322153,0.333903977,0.160561915,0.124248456,0.336964999,0.014821478
Subject20_2,0.428652164,0.182661879,0.10285494,0.167987393,0.039732323,0.606127549,0.129152747,0.058447438,0.088682416,0.02350863,0.291221864,0.217174755,0.226747405,0.199616677,0.021011341,0.363880883,0.165814046,0.153539154,0.24563772,0.02080417,0.470238889,0.159781221,0.093317451,0.153285552,0.04181011,0.495232509,0.153882467,0.096217014,0.140356815,0.041141396,0.391786409,0.345821586,0.152599843,0.07191209,0.005745115,0.421074489,0.166406127,0.145456126,0.185926147,0.018256515,0.366737833,0.214150597,0.150274987,0.205301158,0.014552578,0.40331512,0.200694495,0.119298359,0.207817107,0.012370034,0.265030783,0.290609214,0.22819352,0.162572593,0.010254982,0.342572667,0.157241298,0.147345747,0.281324755,0.017522168,0.264508121,0.1996774,0.189585288,0.292942906,0.014313807,0.349413476,0.190730863,0.155787755,0.243044453,0.012736158,0.283109134,0.172078928,0.170057156,0.320885242,0.01429245,0.44044947,0.13856067,0.134920621,0.217973564,0.010943614,0.353326566,0.15173124,0.199892236,0.239908578,0.012407603,0.412804095,0.208007981,0.113865913,0.196898084,0.01114618,0.288185829,0.184136394,0.167658248,0.295352075,0.022067303,0.403849934,0.234204726,0.115791546,0.147942034,0.030990011,0.322295902,0.205312424,0.174032821,0.243295368,0.018346676
Subject03_2,0.562774172,0.124307379,0.110658871,0.10677182,0.016227056,0.516570193,0.126679889,0.140463333,0.109649644,0.021300645,0.378020106,0.213535661,0.22548109,0.118328511,0.011378164,0.428047351,0.191611384,0.194805553,0.133045347,0.010729934,0.445106568,0.148731522,0.198406707,0.128607286,0.015897847,0.375895999,0.203001709,0.216895783,0.138862329,0.015767168,0.474133026,0.15653703,0.194208245,0.103890623,0.011986358,0.412391996,0.187127009,0.223142126,0.115063834,0.014254441,0.347167021,0.236050623,0.276969144,0.08441652,0.009015774,0.30446268,0.269656145,0.28206665,0.091767115,0.009957595,0.397214673,0.202622036,0.207927564,0.126003704,0.015470069,0.174604714,0.306649334,0.3696685,0.114610938,0.010196685,0.31898609,0.210200291,0.285211259,0.132266276,0.010963744,0.330585983,0.167102126,0.318204905,0.127337302,0.012375453,0.212921574,0.282621595,0.338339407,0.127188609,0.009108648,0.262940255,0.166093039,0.337683663,0.186810259,0.011740061,0.382327415,0.209090391,0.226714118,0.117994847,0.01195558,0.345857639,0.190812972,0.289265719,0.113539697,0.011148708,0.30288977,0.226432521,0.355620028,0.077023123,0.007083047,0.468593115,0.144684418,0.198882466,0.113517455,0.014581276,0.306277982,0.21816717,0.171126586,0.255038424,0.023544055
Subject15_2,0.216337501,0.219717519,0.306325537,0.206920659,0.01643118,0.58996243,0.113031772,0.114551194,0.094142938,0.009310829,0.291440774,0.194273311,0.227541075,0.239079447,0.012375264,0.364751605,0.198227244,0.227123737,0.157274679,0.00920399,0.556818135,0.144817957,0.099960688,0.107714477,0.011637242,0.364976677,0.182125101,0.208585526,0.176258299,0.014724168,0.315895304,0.175866153,0.259252006,0.196826557,0.011176829,0.426688404,0.180234586,0.178636204,0.150886475,0.012044574,0.383297134,0.17191156,0.233382281,0.152038791,0.008811308,0.360196894,0.17612468,0.247833672,0.161620646,0.00885084,0.377964399,0.148391984,0.236236685,0.176833439,0.009215278,0.266352828,0.134681538,0.349009188,0.208592016,0.010665584,0.157003126,0.157060456,0.427804038,0.228353397,0.006232708,0.189504354,0.083659024,0.519671731,0.173269873,0.007625258,0.22645353,0.064200737,0.536504865,0.138886261,0.006200851,0.166512016,0.070738968,0.570528246,0.163478704,0.007365947,0.34331483,0.200473629,0.242465044,0.163444052,0.009078033,0.356646256,0.184787231,0.239347298,0.166614033,0.008539339,0.211189554,0.09383946,0.497582631,0.162071699,0.006573365,0.222022364,0.203562455,0.205422293,0.28216297,0.045804618,0.416850479,0.142540518,0.11061653,0.267105622,0.00734373
Subject14_2,0.721752319,0.065728814,0.029506153,0.063441899,0.012389673,0.7915441,0.045433813,0.021412739,0.033335427,0.004567717,0.582934858,0.156063689,0.089565933,0.087619444,0.009232909,0.602469712,0.143142765,0.094629961,0.073176929,0.007842901,0.697954161,0.112285318,0.035099451,0.055377969,0.008854499,0.703955038,0.092958727,0.043840385,0.066664107,0.008283805,0.57687117,0.127476401,0.074078636,0.132546302,0.013754109,0.534197563,0.14773356,0.124229067,0.123626386,0.008169535,0.578269362,0.13556152,0.071844092,0.132755355,0.010845841,0.591279753,0.140043436,0.066362392,0.1163326,0.011272531,0.534880438,0.114288562,0.105086621,0.161163527,0.016557854,0.406722965,0.125931524,0.206693149,0.192788748,0.01183707,0.464367186,0.119534101,0.140155256,0.211212196,0.012258033,0.426986512,0.14950298,0.166836978,0.196459398,0.010560335,0.373580643,0.093069405,0.234497264,0.23655242,0.015218501,0.388217379,0.091773412,0.233382369,0.221923328,0.014751829,0.625132638,0.152342293,0.062737272,0.073363602,0.007247131,0.603920018,0.143285083,0.060135253,0.105816064,0.011680457,0.429362738,0.158882047,0.133003287,0.222370868,0.015607625,0.467741796,0.164632732,0.092649246,0.163177273,0.045937806,0.356600345,0.13537941,0.10588956,0.34115343,0.014989433
Subject00_2,0.459315309,0.098957973,0.232346916,0.142540684,0.015842564,0.330364992,0.10111986,0.336077859,0.168521754,0.017686614,0.366447459,0.104726944,0.310711278,0.156404935,0.011906831,0.300127445,0.119699899,0.361811415,0.172364482,0.010320448,0.354447857,0.109806949,0.273206841,0.188361544,0.024649128,0.331148881,0.106632107,0.298990103,0.191403084,0.021696546,0.297068821,0.119509612,0.288593239,0.233849035,0.017165246,0.399406887,0.095046402,0.260441989,0.187418346,0.012588071,0.333205004,0.135995144,0.302253814,0.173896865,0.010952388,0.302941692,0.129523763,0.330608514,0.186617925,0.010960359,0.259465707,0.143675876,0.272868384,0.268423603,0.018101297,0.221877019,0.094186566,0.379616574,0.263427007,0.012768901,0.268962681,0.121681969,0.321695576,0.238477132,0.013276569,0.237467832,0.116356404,0.358870354,0.243115128,0.011676194,0.175555041,0.09386338,0.499109321,0.195377835,0.011606261,0.113138726,0.077633147,0.619259895,0.165851617,0.007604323,0.300550415,0.120623307,0.362898502,0.170142998,0.010127172,0.355808345,0.154453834,0.290705485,0.151175282,0.009635093,0.310160552,0.143371777,0.273703559,0.217705387,0.013299503,0.291749005,0.204308657,0.24191972,0.19169962,0.032398711,0.286086299,0.237571102,0.225500758,0.232757676,0.004232669
Subject13_2,0.667361192,0.122202108,0.039401792,0.052154445,0.008137473,0.574318291,0.191304346,0.067015515,0.081834725,0.010355304,0.561775255,0.202973344,0.07046756,0.079060639,0.009463078,0.557788702,0.201991656,0.072485523,0.085840058,0.010318585,0.572464964,0.179589165,0.081118312,0.0820826,0.009246923,0.634967088,0.137714849,0.059077878,0.071664068,0.00936116,0.54678126,0.192278716,0.079997096,0.092337069,0.011751428,0.61611076,0.14241681,0.071516446,0.077019006,0.009696589,0.545310122,0.217362015,0.082018757,0.074795055,0.009027338,0.552346128,0.189578174,0.090505609,0.080615978,0.009757122,0.488352302,0.189511715,0.093714727,0.13523025,0.018016304,0.534454972,0.176725914,0.093259849,0.110085796,0.012423964,0.50822669,0.214090098,0.093377124,0.102839029,0.012962173,0.520531753,0.197197506,0.106588535,0.096960681,0.010767125,0.448907714,0.268174546,0.108988663,0.103971169,0.013738223,0.507036529,0.186791336,0.10908857,0.10860505,0.015143272,0.561545098,0.211802793,0.069052392,0.072564519,0.009618999,0.541535375,0.213166395,0.089415556,0.07415822,0.008940547,0.515112184,0.212256528,0.098810972,0.093597612,0.012081586,0.343535976,0.250090562,0.154124931,0.173325638,0.03370625,0.28533189,0.224406842,0.170022465,0.2825631,0.015499236
Subject31_2,0.270454926,0.276024996,0.198331048,0.152363272,0.048111728,0.425034099,0.174106921,0.203769705,0.108937667,0.025584045,0.344127495,0.182173698,0.255370828,0.123904221,0.037160121,0.385275909,0.178747948,0.23468999,0.121287187,0.027113414,0.351925377,0.168026024,0.214910777,0.144916697,0.052121675,0.447527652,0.155435908,0.173582245,0.120353045,0.03384061,0.364383609,0.151937199,0.277111854,0.116125063,0.033910044,0.394158326,0.130784956,0.212400735,0.156724862,0.036980768,0.383216819,0.167818073,0.272420054,0.108125043,0.019663253,0.47650312,0.144360302,0.204369475,0.100463515,0.017481904,0.526565923,0.10201966,0.137708866,0.110542822,0.027227786,0.464416994,0.115655545,0.164638666,0.147162144,0.033144189,0.392008608,0.154386918,0.239456255,0.134266475,0.022800881,0.433726251,0.1322883,0.224273809,0.128707698,0.017281435,0.322390039,0.120379062,0.357280702,0.12165248,0.022897358,0.283047417,0.118580631,0.419749008,0.118796408,0.017605409,0.397638593,0.182151748,0.237163902,0.104336475,0.020853814,0.393614763,0.171916584,0.260337689,0.10629429,0.016959279,0.457636294,0.132043653,0.209754149,0.116744634,0.017377891,0.408268633,0.110065969,0.096614498,0.199871174,0.087677369,0.55944655,0.178936712,0.084599754,0.110981406,0.002764454
